worker_id,sleep_at,wake_up_at,income_inequality,income_inequality_factor,husband_is_manly,wife_neglecting_duty,expensive_purchase,market_permission,clothing_purchase_permission,friends_neighborhood,alone_friends,public_transportation,consultation,market_permission_m,clothing_purchase_permission_m,friends_neighborhood_m,alone_friends_m,public_transportation_m,consultation_m,persuade_opinions,daily_activity
2105,9 घंटे: 30 मिनट,6 घंटे: 00 मिनट,['मैं पूरी तरह सहमत हूँ'],['शिक्षा की कमी'],['मैं पूरी तरह असहमत हूँ'],['मैं कुछ हद तक सहमत हूँ'],['ज़्यादातर नहीं'],['हमेशा'],['ज़्यादातर नहीं'],['कभी नहीं'],['कभी नहीं'],['ज़्यादातर नहीं'],['हमेशा'],['कभी नहीं'],['कभी नहीं'],['कभी नहीं'],['हमेशा'],['हमेशा'],['हमेशा'],['हाँ'],"[{'daily_activity': ['तैयार होना/नहाना-धोना'], 'activity_time': '1 घंटे: 30 मिनट'}, {'daily_activity': ['आय अर्जित करने वाला काम/नौकरी'], 'activity_time': '10 घंटे: 00 मिनट'}, {'daily_activity': ['आराम करना/परिवार के साथ समय बिताना'], 'activity_time': '1 घंटे: 00 मिनट'}, {'daily_activity': ['टीवी देखना/व्हाट्सऐप/फोन देखना'], 'activity_time': '30 घंटे: 00 मिनट'}]"
2223,12 घंटे:  मिनट,6 घंटे:  मिनट,['मैं पूरी तरह सहमत हूँ'],['भ्रष्टाचार'],['मैं कुछ हद तक सहमत हूँ'],['मैं पूरी तरह सहमत हूँ'],['ज़्यादातर हाँ'],['हमेशा'],['ज़्यादातर हाँ'],['हमेशा'],['ज़्यादातर हाँ'],['हमेशा'],['ज़्यादातर हाँ'],['हमेशा'],['ज़्यादातर हाँ'],['हमेशा'],['हमेशा'],['हमेशा'],['हमेशा'],['हाँ'],"[{'daily_activity': ['सुबह का नाश्ता'], 'activity_time': ' घंटे: 30 मिनट'}, {'daily_activity': ['अपने खेत पर काम'], 'activity_time': '4 घंटे: 30 मिनट'}, {'daily_activity': ['दोपहर का खाना'], 'activity_time': '2 घंटे: 30 मिनट'}]"
2255,12 घंटे: 00 मिनट,6 घंटे: 00 मिनट,['मैं पूरी तरह सहमत हूँ'],['भ्रष्टाचार'],['मैं पूरी तरह असहमत हूँ'],['मैं पूरी तरह असहमत हूँ'],['ज़्यादातर हाँ'],['ज़्यादातर हाँ'],['ज़्यादातर नहीं'],['ज़्यादातर नहीं'],['ज़्यादातर नहीं'],['ज़्यादातर नहीं'],['कभी नहीं'],['कभी नहीं'],['कभी नहीं'],['ज़्यादातर नहीं'],['ज़्यादातर नहीं'],['हमेशा'],['हमेशा'],['हाँ'],"[{'daily_activity': ['अपने खेत पर काम'], 'activity_time': '6 घंटे: 15 मिनट'}, {'daily_activity': ['रात का खाना'], 'activity_time': '30 घंटे: 00 मिनट'}]"
2262,11 घंटे: 30 मिनट,7 घंटे: 30 मिनट,['मैं पूरी तरह सहमत हूँ'],['शिक्षा की कमी'],['मैं पूरी तरह सहमत हूँ'],['मैं पूरी तरह सहमत हूँ'],['हमेशा'],['हमेशा'],['हमेशा'],['हमेशा'],['हमेशा'],['हमेशा'],['हमेशा'],['हमेशा'],['हमेशा'],['हमेशा'],['हमेशा'],['हमेशा'],['हमेशा'],['हाँ'],"[{'daily_activity': ['घर का काम (खाना बनाना, सफाई करना, पानी भरना, बुजुर्गों का ख्याल रखना इत्यादि)'], 'activity_time': '2 घंटे: 0 मिनट'}, {'daily_activity': ['तैयार होना/नहाना-धोना'], 'activity_time': '1 घंटे: 00 मिनट'}, {'daily_activity': ['सुबह का नाश्ता'], 'activity_time': '0 घंटे: 30 मिनट'}, {'daily_activity': ['अपने व्यवसाय/व्यापार/दुकान पर काम'], 'activity_time': '1 घंटे: 00 मिनट'}, {'daily_activity': ['दोपहर का खाना'], 'activity_time': '30 घंटे: 00 मिनट'}, {'daily_activity': ['आराम करना/परिवार के साथ समय बिताना'], 'activity_time': '1 घंटे: 00 मिनट'}, {'daily_activity': ['टीवी देखना/व्हाट्सऐप/फोन देखना'], 'activity_time': '1 घंटे: 00 मिनट'}, {'daily_activity': ['रात का खाना'], 'activity_time': '30 घंटे: 00 मिनट'}]"
2263,११ घंटे:  मिनट,६ घंटे:  मिनट,"['मैं न सहमत हूँ, न असहमत हूँ']",['भ्रष्टाचार'],['मैं कुछ हद तक सहमत हूँ'],['मैं पूरी तरह सहमत हूँ'],['ज़्यादातर नहीं'],['हमेशा'],['ज़्यादातर हाँ'],['ज़्यादातर नहीं'],['ज़्यादातर हाँ'],['ज़्यादातर हाँ'],['हमेशा'],['ज़्यादातर हाँ'],['ज़्यादातर नहीं'],['हमेशा'],['हमेशा'],['ज़्यादातर हाँ'],['ज़्यादातर हाँ'],['हाँ'],"[{'daily_activity': ['अपने खेत पर काम'], 'activity_time': '२ घंटे:  मिनट'}, {'daily_activity': ['सुबह का नाश्ता'], 'activity_time': ' घंटे: २० मिनट'}, {'daily_activity': ['दोपहर का खाना'], 'activity_time': ' घंटे: ३० मिनट'}]"
2270,11 घंटे:  मिनट,6 घंटे:  मिनट,['मैं पूरी तरह सहमत हूँ'],['शिक्षा की कमी'],['मैं कुछ हद तक सहमत हूँ'],['मैं पूरी तरह सहमत हूँ'],['हमेशा'],['हमेशा'],['ज़्यादातर हाँ'],['हमेशा'],['हमेशा'],['ज़्यादातर हाँ'],['हमेशा'],['ज़्यादातर हाँ'],['हमेशा'],['ज़्यादातर हाँ'],['हमेशा'],['ज़्यादातर हाँ'],['हमेशा'],['हाँ'],"[{'daily_activity': ['सुबह का नाश्ता'], 'activity_time': '1 घंटे:  मिनट'}, {'daily_activity': ['अपने खेत पर काम'], 'activity_time': '5 घंटे:  मिनट'}, {'daily_activity': ['दोपहर का खाना'], 'activity_time': '1 घंटे:  मिनट'}, {'daily_activity': ['आराम करना/परिवार के साथ समय बिताना'], 'activity_time': '2 घंटे:  मिनट'}, {'daily_activity': ['टीवी देखना/व्हाट्सऐप/फोन देखना'], 'activity_time': '2 घंटे:  मिनट'}]"
2281,12 घंटे:  मिनट,8 घंटे:  मिनट,['मैं कुछ हद तक सहमत हूँ'],['शिक्षा की कमी'],['मैं पूरी तरह सहमत हूँ'],['मैं कुछ हद तक असहमत हूँ'],['ज़्यादातर नहीं'],['ज़्यादातर नहीं'],['ज़्यादातर हाँ'],['ज़्यादातर हाँ'],['ज़्यादातर हाँ'],['ज़्यादातर हाँ'],['ज़्यादातर हाँ'],['ज़्यादातर हाँ'],['हमेशा'],['ज़्यादातर हाँ'],['ज़्यादातर हाँ'],['ज़्यादातर हाँ'],['ज़्यादातर हाँ'],['हाँ'],"[{'daily_activity': ['सुबह का नाश्ता'], 'activity_time': '1 घंटे:  मिनट'}, {'daily_activity': ['अपने खेत पर काम'], 'activity_time': '3 घंटे:  मिनट'}, {'daily_activity': ['दोपहर का खाना'], 'activity_time': '1 घंटे:  मिनट'}]"
2318,9 घंटे: 30 मिनट,5 घंटे: 00 मिनट,['मैं पूरी तरह सहमत हूँ'],['शिक्षा की कमी'],['मैं कुछ हद तक सहमत हूँ'],['मैं पूरी तरह सहमत हूँ'],['हमेशा'],['ज़्यादातर हाँ'],['हमेशा'],['कभी नहीं'],['कभी नहीं'],['हमेशा'],['हमेशा'],['हमेशा'],['हमेशा'],['कभी नहीं'],['कभी नहीं'],['हमेशा'],['हमेशा'],['हाँ'],
2337,11:00 baje घंटे:  मिनट,5:00 baje घंटे:  मिनट,['मैं कुछ हद तक सहमत हूँ'],['कानूनों की कमी'],"['मैं न सहमत हूँ, न असहमत हूँ']","['मैं न सहमत हूँ, न असहमत हूँ']",['हमेशा'],['हमेशा'],['ज़्यादातर हाँ'],['हमेशा'],['हमेशा'],['कभी नहीं'],['हमेशा'],['हमेशा'],['ज़्यादातर नहीं'],['हमेशा'],['कभी नहीं'],['कभी नहीं'],['हमेशा'],['हाँ'],"[{'daily_activity': ['अपने व्यवसाय/व्यापार/दुकान पर काम'], 'activity_time': '3 घंटे:  मिनट'}, {'daily_activity': ['दोपहर का खाना'], 'activity_time': 'x6 घंटे:  मिनट'}, {'daily_activity': ['टीवी देखना/व्हाट्सऐप/फोन देखना'], 'activity_time': 'fu घंटे:  मिनट'}]"
2342,१२ घंटे:  मिनट,७ घंटे:  मिनट,['मैं कुछ हद तक असहमत हूँ'],['भ्रष्टाचार'],['मैं पूरी तरह सहमत हूँ'],['मैं कुछ हद तक असहमत हूँ'],['ज़्यादातर हाँ'],['ज़्यादातर नहीं'],['हमेशा'],['ज़्यादातर हाँ'],['ज़्यादातर हाँ'],['ज़्यादातर नहीं'],['ज़्यादातर हाँ'],['ज़्यादातर हाँ'],['ज़्यादातर नहीं'],['ज़्यादातर हाँ'],['ज़्यादातर हाँ'],['ज़्यादातर नहीं'],['ज़्यादातर हाँ'],['हाँ'],"[{'daily_activity': ['अपने खेत पर काम'], 'activity_time': '३ घंटे:  मिनट'}, {'daily_activity': ['सुबह का नाश्ता'], 'activity_time': ' घंटे: २० मिनट'}, {'daily_activity': ['अपने खेत पर काम'], 'activity_time': '२ घंटे:  मिनट'}, {'daily_activity': ['दोपहर का खाना'], 'activity_time': ' घंटे: ३० मिनट'}, {'daily_activity': ['रात का खाना'], 'activity_time': ' घंटे: २० मिनट'}]"
3122,11 घंटे:  मिनट,7 घंटे:  मिनट,['मैं पूरी तरह सहमत हूँ'],['शिक्षा की कमी'],"['मैं न सहमत हूँ, न असहमत हूँ']",['मैं कुछ हद तक सहमत हूँ'],['हमेशा'],['ज़्यादातर हाँ'],['हमेशा'],['ज़्यादातर हाँ'],['हमेशा'],['ज़्यादातर हाँ'],['हमेशा'],['ज़्यादातर हाँ'],['हमेशा'],['हमेशा'],['ज़्यादातर हाँ'],['हमेशा'],['हमेशा'],['हाँ'],"[{'daily_activity': ['सुबह का नाश्ता'], 'activity_time': '2 घंटे:  मिनट'}, {'daily_activity': ['अपने खेत पर काम'], 'activity_time': '3 घंटे:  मिनट'}, {'daily_activity': ['दोपहर का खाना'], 'activity_time': ' घंटे: 40 मिनट'}]"
4678,30 घंटे: 9 मिनट,00 घंटे: 6 मिनट,['मैं कुछ हद तक सहमत हूँ'],['शिक्षा की कमी'],['मैं कुछ हद तक असहमत हूँ'],['मैं कुछ हद तक असहमत हूँ'],['हमेशा'],['कभी नहीं'],['कभी नहीं'],['हमेशा'],['हमेशा'],['ज़्यादातर हाँ'],['ज़्यादातर नहीं'],['कभी नहीं'],['कभी नहीं'],['हमेशा'],['हमेशा'],['ज़्यादातर हाँ'],['ज़्यादातर हाँ'],['नहीं'],"[{'daily_activity': ['घर का काम (खाना बनाना, सफाई करना, पानी भरना, बुजुर्गों का ख्याल रखना इत्यादि)'], 'activity_time': '00 घंटे: 1 मिनट'}, {'daily_activity': ['तैयार होना/नहाना-धोना'], 'activity_time': '00 घंटे: 1 मिनट'}, {'daily_activity': ['सुबह का नाश्ता'], 'activity_time': '30 घंटे: 00 मिनट'}, {'daily_activity': ['आय अर्जित करने वाला काम/नौकरी'], 'activity_time': '00 घंटे: 8 मिनट'}, {'daily_activity': ['दोपहर का खाना'], 'activity_time': '30 घंटे: 00 मिनट'}, {'daily_activity': ['आराम करना/परिवार के साथ समय बिताना'], 'activity_time': '30 घंटे: 00 मिनट'}, {'daily_activity': ['टीवी देखना/व्हाट्सऐप/फोन देखना'], 'activity_time': '00 घंटे: 1 मिनट'}, {'daily_activity': ['रात का खाना'], 'activity_time': '30 घंटे: 1 मिनट'}]"
4682,11 घंटे: 00 मिनट,6 घंटे: 00 मिनट,['मैं पूरी तरह सहमत हूँ'],['शिक्षा की कमी'],['मैं पूरी तरह सहमत हूँ'],['मैं कुछ हद तक सहमत हूँ'],['ज़्यादातर हाँ'],['ज़्यादातर हाँ'],['हमेशा'],['ज़्यादातर हाँ'],['ज़्यादातर नहीं'],['ज़्यादातर हाँ'],['ज़्यादातर हाँ'],['ज़्यादातर नहीं'],['ज़्यादातर नहीं'],['ज़्यादातर नहीं'],['हमेशा'],['हमेशा'],['हमेशा'],['हाँ'],"[{'daily_activity': ['तैयार होना/नहाना-धोना'], 'activity_time': '1 घंटे: 00 मिनट'}, {'daily_activity': ['सुबह का नाश्ता'], 'activity_time': '00 घंटे: 30 मिनट'}, {'daily_activity': ['अपने खेत पर काम'], 'activity_time': '4 घंटे: 00 मिनट'}, {'daily_activity': ['आराम करना/परिवार के साथ समय बिताना'], 'activity_time': '2 घंटे: 00 मिनट'}, {'daily_activity': ['अपने व्यवसाय/व्यापार/दुकान पर काम'], 'activity_time': '2 घंटे:  मिनट'}, {'daily_activity': ['दोपहर का खाना'], 'activity_time': ' घंटे: 30 मिनट'}, {'daily_activity': ['टीवी देखना/व्हाट्सऐप/फोन देखना'], 'activity_time': '2 घंटे: 00 मिनट'}, {'daily_activity': ['रात का खाना'], 'activity_time': '1 घंटे: 0 मिनट'}]"
4788,10 घंटे: 00 मिनट,5 घंटे: 00 मिनट,['मैं पूरी तरह सहमत हूँ'],['शिक्षा की कमी'],"['मैं न सहमत हूँ, न असहमत हूँ']",['मैं पूरी तरह असहमत हूँ'],['ज़्यादातर नहीं'],['ज़्यादातर हाँ'],['ज़्यादातर हाँ'],['ज़्यादातर नहीं'],['ज़्यादातर नहीं'],['ज़्यादातर हाँ'],['ज़्यादातर नहीं'],['ज़्यादातर नहीं'],['कभी नहीं'],['हमेशा'],['हमेशा'],['हमेशा'],['ज़्यादातर हाँ'],['हाँ'],"[{'daily_activity': ['टीवी देखना/व्हाट्सऐप/फोन देखना'], 'activity_time': ' घंटे: 30 मिनट'}, {'daily_activity': ['तैयार होना/नहाना-धोना'], 'activity_time': '1 घंटे: 00 मिनट'}, {'daily_activity': ['सुबह का नाश्ता'], 'activity_time': ' घंटे: 30 मिनट'}, {'daily_activity': ['आय अर्जित करने वाला काम/नौकरी'], 'activity_time': '8 घंटे: 00 मिनट'}, {'daily_activity': ['दोपहर का खाना'], 'activity_time': ' घंटे: 30 मिनट'}, {'daily_activity': ['आराम करना/परिवार के साथ समय बिताना'], 'activity_time': '3 घंटे: 00 मिनट'}, {'daily_activity': ['टीवी देखना/व्हाट्सऐप/फोन देखना'], 'activity_time': '1 घंटे: 00 मिनट'}, {'daily_activity': ['रात का खाना'], 'activity_time': ' घंटे: 30 मिनट'}]"
4790,9 घंटे: 10 मिनट,4 घंटे: 15 मिनट,['मैं कुछ हद तक सहमत हूँ'],['कानूनों की कमी'],['मैं कुछ हद तक असहमत हूँ'],['मैं पूरी तरह असहमत हूँ'],['हमेशा'],['ज़्यादातर हाँ'],['कभी नहीं'],['ज़्यादातर हाँ'],['ज़्यादातर नहीं'],['कभी नहीं'],['ज़्यादातर हाँ'],['हमेशा'],['कभी नहीं'],['कभी नहीं'],['कभी नहीं'],['कभी नहीं'],['कभी नहीं'],['हाँ'],"[{'daily_activity': ['तैयार होना/नहाना-धोना'], 'activity_time': '1 घंटे: 40 मिनट'}, {'daily_activity': ['घर का काम (खाना बनाना, सफाई करना, पानी भरना, बुजुर्गों का ख्याल रखना इत्यादि)'], 'activity_time': '1 घंटे:  मिनट'}, {'daily_activity': ['आय अर्जित करने वाला काम/नौकरी'], 'activity_time': '8 घंटे:  मिनट'}, {'daily_activity': ['रात का खाना'], 'activity_time': '1 घंटे:  मिनट'}, {'daily_activity': ['टीवी देखना/व्हाट्सऐप/फोन देखना'], 'activity_time': '2 घंटे:  मिनट'}, {'daily_activity': ['रात का खाना'], 'activity_time': '1 घंटे:  मिनट'}]"
4884,10 घंटे: 00 मिनट,5 घंटे: 00 मिनट,['मैं पूरी तरह सहमत हूँ'],"['जाति, धर्म या लिंग के आधार पर भेदभाव']",['मैं पूरी तरह असहमत हूँ'],['मैं पूरी तरह असहमत हूँ'],['हमेशा'],['हमेशा'],['ज़्यादातर हाँ'],['हमेशा'],['कभी नहीं'],['हमेशा'],['ज़्यादातर हाँ'],['हमेशा'],['ज़्यादातर नहीं'],['ज़्यादातर हाँ'],['ज़्यादातर नहीं'],['ज़्यादातर नहीं'],['हमेशा'],['हाँ'],"[{'daily_activity': ['तैयार होना/नहाना-धोना'], 'activity_time': '1 घंटे: 30 मिनट'}, {'daily_activity': ['सुबह का नाश्ता'], 'activity_time': ' घंटे: 30 मिनट'}, {'daily_activity': ['अपने खेत पर काम'], 'activity_time': '2 घंटे: 30 मिनट'}, {'daily_activity': ['आय अर्जित करने वाला काम/नौकरी'], 'activity_time': '3 घंटे: 30 मिनट'}, {'daily_activity': ['दोपहर का खाना'], 'activity_time': ' घंटे: 30 मिनट'}, {'daily_activity': ['आराम करना/परिवार के साथ समय बिताना'], 'activity_time': '2 घंटे:  मिनट'}, {'daily_activity': ['अपने व्यवसाय/व्यापार/दुकान पर काम'], 'activity_time': '2 घंटे:  मिनट'}, {'daily_activity': ['रात का खाना'], 'activity_time': ' घंटे: 30 मिनट'}, {'daily_activity': ['टीवी देखना/व्हाट्सऐप/फोन देखना'], 'activity_time': '1 घंटे: 30 मिनट'}]"
4889,11 घंटे: 00 मिनट,6 घंटे: 00 मिनट,['मैं पूरी तरह सहमत हूँ'],['नौकरी के मौके की कमी'],['मैं पूरी तरह सहमत हूँ'],['मैं कुछ हद तक सहमत हूँ'],['हमेशा'],['ज़्यादातर हाँ'],['ज़्यादातर हाँ'],['ज़्यादातर हाँ'],['ज़्यादातर हाँ'],['ज़्यादातर हाँ'],['ज़्यादातर हाँ'],['ज़्यादातर हाँ'],['ज़्यादातर हाँ'],['ज़्यादातर हाँ'],['ज़्यादातर हाँ'],['ज़्यादातर हाँ'],['ज़्यादातर हाँ'],['नहीं'],"[{'daily_activity': ['घर का काम (खाना बनाना, सफाई करना, पानी भरना, बुजुर्गों का ख्याल रखना इत्यादि)'], 'activity_time': '3 घंटे: 00 मिनट'}, {'daily_activity': ['दोपहर का खाना'], 'activity_time': '1 घंटे: 0 मिनट'}, {'daily_activity': ['आराम करना/परिवार के साथ समय बिताना'], 'activity_time': '1 घंटे: 0 मिनट'}, {'daily_activity': ['रात का खाना'], 'activity_time': '2 घंटे: 0 मिनट'}, {'daily_activity': ['टीवी देखना/व्हाट्सऐप/फोन देखना'], 'activity_time': '3 घंटे: 0 मिनट'}]"
5230,8 घंटे:  मिनट,6 घंटे:  मिनट,['मैं कुछ हद तक सहमत हूँ'],['शिक्षा की कमी'],['मैं पूरी तरह असहमत हूँ'],['मैं पूरी तरह असहमत हूँ'],['ज़्यादातर हाँ'],['कभी नहीं'],['कभी नहीं'],['हमेशा'],['ज़्यादातर हाँ'],['हमेशा'],['कभी नहीं'],['कभी नहीं'],['कभी नहीं'],['हमेशा'],['हमेशा'],['ज़्यादातर हाँ'],['कभी नहीं'],['नहीं'],"[{'daily_activity': ['तैयार होना/नहाना-धोना'], 'activity_time': '.30 घंटे:  मिनट'}, {'daily_activity': ['आय अर्जित करने वाला काम/नौकरी'], 'activity_time': '4 घंटे:  मिनट'}, {'daily_activity': ['सुबह का नाश्ता'], 'activity_time': ':30 घंटे:  मिनट'}, {'daily_activity': ['अपने व्यवसाय/व्यापार/दुकान पर काम'], 'activity_time': '6 घंटे:  मिनट'}, {'daily_activity': ['आराम करना/परिवार के साथ समय बिताना'], 'activity_time': '3 घंटे:  मिनट'}, {'daily_activity': ['रात का खाना'], 'activity_time': ':30 घंटे:  मिनट'}, {'daily_activity': ['टीवी देखना/व्हाट्सऐप/फोन देखना'], 'activity_time': ':30 घंटे:  मिनट'}]"
5259,10 घंटे: 15 मिनट,4 घंटे: 00 मिनट,['मैं पूरी तरह सहमत हूँ'],"['जाति, धर्म या लिंग के आधार पर भेदभाव']",['मैं पूरी तरह सहमत हूँ'],['मैं कुछ हद तक सहमत हूँ'],['ज़्यादातर हाँ'],['ज़्यादातर हाँ'],['ज़्यादातर नहीं'],['ज़्यादातर नहीं'],['कभी नहीं'],['ज़्यादातर हाँ'],['कभी नहीं'],['कभी नहीं'],['कभी नहीं'],['कभी नहीं'],['कभी नहीं'],['ज़्यादातर हाँ'],['कभी नहीं'],['हाँ'],"[{'daily_activity': ['अपने खेत पर काम'], 'activity_time': '3 घंटे: 35 मिनट'}, {'daily_activity': ['आय अर्जित करने वाला काम/नौकरी'], 'activity_time': '3 घंटे: 00 मिनट'}, {'daily_activity': ['दोपहर का खाना'], 'activity_time': ' घंटे: 10 मिनट'}, {'daily_activity': ['अपने व्यवसाय/व्यापार/दुकान पर काम'], 'activity_time': '1 घंटे: 00 मिनट'}, {'daily_activity': ['तैयार होना/नहाना-धोना'], 'activity_time': ' घंटे: 15 मिनट'}, {'daily_activity': ['आराम करना/परिवार के साथ समय बिताना'], 'activity_time': '1 घंटे: 00 मिनट'}, {'daily_activity': ['टीवी देखना/व्हाट्सऐप/फोन देखना'], 'activity_time': '2 घंटे: 0 मिनट'}, {'daily_activity': ['रात का खाना'], 'activity_time': ' घंटे: 10 मिनट'}, {'daily_activity': ['घर का काम (खाना बनाना, सफाई करना, पानी भरना, बुजुर्गों का ख्याल रखना इत्यादि)'], 'activity_time': ' घंटे: 30 मिनट'}]"
5324,11 घंटे:  मिनट,6 घंटे:  मिनट,['मैं पूरी तरह असहमत हूँ'],['शिक्षा की कमी'],['मैं पूरी तरह असहमत हूँ'],['मैं पूरी तरह असहमत हूँ'],['हमेशा'],['ज़्यादातर नहीं'],['ज़्यादातर नहीं'],['ज़्यादातर हाँ'],['ज़्यादातर हाँ'],['ज़्यादातर नहीं'],['ज़्यादातर नहीं'],['ज़्यादातर नहीं'],['ज़्यादातर नहीं'],['ज़्यादातर नहीं'],['ज़्यादातर हाँ'],['ज़्यादातर नहीं'],['ज़्यादातर नहीं'],['नहीं'],"[{'daily_activity': ['घर का काम (खाना बनाना, सफाई करना, पानी भरना, बुजुर्गों का ख्याल रखना इत्यादि)'], 'activity_time': '1 घंटे:  मिनट'}, {'daily_activity': ['अपने खेत पर काम'], 'activity_time': '1 घंटे:  मिनट'}, {'daily_activity': ['सुबह का नाश्ता'], 'activity_time': ' घंटे: 30 मिनट'}, {'daily_activity': ['तैयार होना/नहाना-धोना'], 'activity_time': ' घंटे: 30 मिनट'}, {'daily_activity': ['आय अर्जित करने वाला काम/नौकरी'], 'activity_time': '6 घंटे:  मिनट'}, {'daily_activity': ['दोपहर का खाना'], 'activity_time': ' घंटे: 30 मिनट'}, {'daily_activity': ['आराम करना/परिवार के साथ समय बिताना'], 'activity_time': ' घंटे: 1 मिनट'}, {'daily_activity': ['टीवी देखना/व्हाट्सऐप/फोन देखना'], 'activity_time': ' घंटे: 1 मिनट'}, {'daily_activity': ['आराम करना/परिवार के साथ समय बिताना'], 'activity_time': ' घंटे: 1 मिनट'}, {'daily_activity': ['टीवी देखना/व्हाट्सऐप/फोन देखना'], 'activity_time': ' घंटे: 1 मिनट'}, {'daily_activity': ['रात का खाना'], 'activity_time': ' घंटे: 30 मिनट'}]"
5775,7 घंटे: 00 मिनट,6 घंटे: 00 मिनट,['मैं पूरी तरह सहमत हूँ'],['शिक्षा की कमी'],"['मैं न सहमत हूँ, न असहमत हूँ']",['मैं पूरी तरह असहमत हूँ'],['हमेशा'],['हमेशा'],['हमेशा'],['ज़्यादातर हाँ'],['ज़्यादातर हाँ'],['हमेशा'],['हमेशा'],['कभी नहीं'],['ज़्यादातर हाँ'],['हमेशा'],['हमेशा'],['हमेशा'],['हमेशा'],['हाँ'],"[{'daily_activity': ['घर का काम (खाना बनाना, सफाई करना, पानी भरना, बुजुर्गों का ख्याल रखना इत्यादि)'], 'activity_time': '3 घंटे: 00 मिनट'}, {'daily_activity': ['सुबह का नाश्ता'], 'activity_time': '1 घंटे: 00 मिनट'}, {'daily_activity': ['तैयार होना/नहाना-धोना'], 'activity_time': '1 घंटे: 0p मिनट'}, {'daily_activity': ['टीवी देखना/व्हाट्सऐप/फोन देखना'], 'activity_time': '1 घंटे: 00 मिनट'}, {'daily_activity': ['दोपहर का खाना'], 'activity_time': '1 घंटे: 00 मिनट'}, {'daily_activity': ['आराम करना/परिवार के साथ समय बिताना'], 'activity_time': '2 घंटे: 00 मिनट'}, {'daily_activity': ['रात का खाना'], 'activity_time': '1 घंटे: 00 मिनट'}]"
5964,10:30 घंटे:  मिनट,05 घंटे: 20 मिनट,['मैं पूरी तरह सहमत हूँ'],['भ्रष्टाचार'],['मैं पूरी तरह सहमत हूँ'],['मैं पूरी तरह सहमत हूँ'],['हमेशा'],['ज़्यादातर हाँ'],['ज़्यादातर हाँ'],['हमेशा'],['हमेशा'],['हमेशा'],['ज़्यादातर हाँ'],['हमेशा'],['ज़्यादातर हाँ'],['ज़्यादातर हाँ'],['ज़्यादातर हाँ'],['ज़्यादातर हाँ'],['ज़्यादातर हाँ'],['हाँ'],"[{'daily_activity': ['आय अर्जित करने वाला काम/नौकरी'], 'activity_time': '05 घंटे: 60 मिनट'}, {'daily_activity': ['दोपहर का खाना'], 'activity_time': '01 घंटे: 10 मिनट'}, {'daily_activity': ['आय अर्जित करने वाला काम/नौकरी'], 'activity_time': '01:30 घंटे:  मिनट'}]"
6762,"8 घंटे: 23 मिनट",5  घंटे: 30 मिनट,['मैं पूरी तरह सहमत हूँ'],['शिक्षा की कमी'],['मैं पूरी तरह असहमत हूँ'],['मैं कुछ हद तक असहमत हूँ'],['ज़्यादातर हाँ'],['ज़्यादातर हाँ'],['ज़्यादातर हाँ'],['ज़्यादातर हाँ'],['ज़्यादातर हाँ'],['ज़्यादातर हाँ'],['ज़्यादातर हाँ'],['ज़्यादातर हाँ'],['ज़्यादातर हाँ'],['ज़्यादातर हाँ'],['ज़्यादातर हाँ'],['ज़्यादातर हाँ'],['ज़्यादातर हाँ'],['हाँ'],"[{'daily_activity': ['तैयार होना/नहाना-धोना'], 'activity_time': '6 घंटे: 20 मिनट'}, {'daily_activity': ['घर का काम (खाना बनाना, सफाई करना, पानी भरना, बुजुर्गों का ख्याल रखना इत्यादि)'], 'activity_time': '2 घंटे: 30 मिनट'}, {'daily_activity': ['सुबह का नाश्ता'], 'activity_time': '7 घंटे: 10 मिनट'}, {'daily_activity': ['आय अर्जित करने वाला काम/नौकरी'], 'activity_time': '9 घंटे: 00 मिनट'}, {'daily_activity': ['अपने खेत पर काम'], 'activity_time': '3 घंटे: 25 मिनट'}, {'daily_activity': ['अपने व्यवसाय/व्यापार/दुकान पर काम'], 'activity_time': '7 घंटे: 00 मिनट'}, {'daily_activity': ['दोपहर का खाना'], 'activity_time': '1 घंटे:  मिनट'}, {'daily_activity': ['रात का खाना'], 'activity_time': '8 घंटे:  मिनट'}, {'daily_activity': ['आराम करना/परिवार के साथ समय बिताना'], 'activity_time': '2 घंटे:  मिनट'}, {'daily_activity': ['टीवी देखना/व्हाट्सऐप/फोन देखना'], 'activity_time': '2 घंटे: 30 मिनट'}]"
7079,9 घंटे: 30 मिनट,5 घंटे: 30 मिनट,['मैं पूरी तरह सहमत हूँ'],['शिक्षा की कमी'],['मैं पूरी तरह सहमत हूँ'],"['मैं न सहमत हूँ, न असहमत हूँ']",['ज़्यादातर नहीं'],['ज़्यादातर नहीं'],['कभी नहीं'],['कभी नहीं'],['ज़्यादातर नहीं'],['ज़्यादातर नहीं'],['ज़्यादातर नहीं'],['ज़्यादातर नहीं'],['ज़्यादातर नहीं'],['ज़्यादातर नहीं'],['ज़्यादातर नहीं'],['ज़्यादातर नहीं'],['ज़्यादातर नहीं'],['हाँ'],"[{'daily_activity': ['आय अर्जित करने वाला काम/नौकरी'], 'activity_time': '8 घंटे: 30 मिनट'}, {'daily_activity': ['दोपहर का खाना'], 'activity_time': ' घंटे: 30 मिनट'}, {'daily_activity': ['आराम करना/परिवार के साथ समय बिताना'], 'activity_time': '2 घंटे: 30 मिनट'}, {'daily_activity': ['रात का खाना'], 'activity_time': ' घंटे: 30 मिनट'}, {'daily_activity': ['आराम करना/परिवार के साथ समय बिताना'], 'activity_time': '1 घंटे: 30 मिनट'}, {'daily_activity': ['सुबह का नाश्ता'], 'activity_time': ' घंटे: 30 मिनट'}, {'daily_activity': ['अपने खेत पर काम'], 'activity_time': '3 घंटे: 30 मिनट'}, {'daily_activity': ['घर का काम (खाना बनाना, सफाई करना, पानी भरना, बुजुर्गों का ख्याल रखना इत्यादि)'], 'activity_time': '2 घंटे: 30 मिनट'}, {'daily_activity': ['टीवी देखना/व्हाट्सऐप/फोन देखना'], 'activity_time': '1 घंटे: 30 मिनट'}, {'daily_activity': ['आय अर्जित करने वाला काम/नौकरी'], 'activity_time': '3 घंटे: 30 मिनट'}, {'daily_activity': ['अपने व्यवसाय/व्यापार/दुकान पर काम'], 'activity_time': '3 घंटे: 30 मिनट'}]"
8034,10 घंटे: 00 मिनट,5 घंटे: 00 मिनट,['मैं पूरी तरह सहमत हूँ'],['भ्रष्टाचार'],['मैं पूरी तरह असहमत हूँ'],['मैं कुछ हद तक असहमत हूँ'],['ज़्यादातर नहीं'],['ज़्यादातर नहीं'],['ज़्यादातर नहीं'],['ज़्यादातर हाँ'],['ज़्यादातर हाँ'],['ज़्यादातर हाँ'],['कभी नहीं'],['ज़्यादातर हाँ'],['ज़्यादातर हाँ'],['ज़्यादातर हाँ'],['ज़्यादातर नहीं'],['ज़्यादातर नहीं'],['ज़्यादातर हाँ'],['हाँ'],"[{'daily_activity': ['तैयार होना/नहाना-धोना'], 'activity_time': '00 घंटे: 20 मिनट'}, {'daily_activity': ['सुबह का नाश्ता'], 'activity_time': '00 घंटे: 20 मिनट'}, {'daily_activity': ['अपने खेत पर काम'], 'activity_time': '10 घंटे: 00 मिनट'}, {'daily_activity': ['दोपहर का खाना'], 'activity_time': '00 घंटे: 30 मिनट'}, {'daily_activity': ['आराम करना/परिवार के साथ समय बिताना'], 'activity_time': '1 घंटे: 00 मिनट'}, {'daily_activity': ['टीवी देखना/व्हाट्सऐप/फोन देखना'], 'activity_time': '1 घंटे: 00 मिनट'}, {'daily_activity': ['रात का खाना'], 'activity_time': '00 घंटे: 30 मिनट'}]"
9029,11 घंटे: 00 मिनट,06 घंटे: 00 मिनट,['मैं पूरी तरह सहमत हूँ'],['शिक्षा की कमी'],['मैं पूरी तरह असहमत हूँ'],['मैं पूरी तरह असहमत हूँ'],['हमेशा'],['हमेशा'],['ज़्यादातर हाँ'],['ज़्यादातर नहीं'],['ज़्यादातर हाँ'],['ज़्यादातर हाँ'],['हमेशा'],['ज़्यादातर हाँ'],['ज़्यादातर हाँ'],['ज़्यादातर हाँ'],['ज़्यादातर हाँ'],['ज़्यादातर हाँ'],['ज़्यादातर हाँ'],['नहीं'],"[{'daily_activity': ['तैयार होना/नहाना-धोना'], 'activity_time': '00 घंटे: 30 मिनट'}, {'daily_activity': ['घर का काम (खाना बनाना, सफाई करना, पानी भरना, बुजुर्गों का ख्याल रखना इत्यादि)'], 'activity_time': '01 घंटे: 30 मिनट'}, {'daily_activity': ['सुबह का नाश्ता'], 'activity_time': '00 घंटे: 15 मिनट'}, {'daily_activity': ['अपने खेत पर काम'], 'activity_time': '05 घंटे: 00 मिनट'}, {'daily_activity': ['दोपहर का खाना'], 'activity_time': '00 घंटे: 30 मिनट'}, {'daily_activity': ['आराम करना/परिवार के साथ समय बिताना'], 'activity_time': '01 घंटे: 00 मिनट'}, {'daily_activity': ['रात का खाना'], 'activity_time': '00 घंटे: 30 मिनट'}, {'daily_activity': ['टीवी देखना/व्हाट्सऐप/फोन देखना'], 'activity_time': '00 घंटे: 30 मिनट'}]"
9621,९ घंटे:  मिनट,६ घंटे:  मिनट,['मैं कुछ हद तक सहमत हूँ'],['भ्रष्टाचार'],['मैं कुछ हद तक सहमत हूँ'],['मैं कुछ हद तक सहमत हूँ'],['ज़्यादातर हाँ'],['हमेशा'],['हमेशा'],['हमेशा'],['हमेशा'],['हमेशा'],['कभी नहीं'],['ज़्यादातर नहीं'],['ज़्यादातर हाँ'],['ज़्यादातर हाँ'],['ज़्यादातर हाँ'],['हमेशा'],['ज़्यादातर नहीं'],['हाँ'],"[{'daily_activity': ['अपने खेत पर काम'], 'activity_time': '३ घंटे:  मिनट'}, {'daily_activity': ['सुबह का नाश्ता'], 'activity_time': ' घंटे: ४० मिनट'}, {'daily_activity': ['दोपहर का खाना'], 'activity_time': ' घंटे: ४० मिनट'}]"
11656,6 घंटे: 30 मिनट,5 घंटे: 20 मिनट,['मैं पूरी तरह सहमत हूँ'],['शिक्षा की कमी'],['मैं कुछ हद तक सहमत हूँ'],['मैं पूरी तरह सहमत हूँ'],['हमेशा'],['ज़्यादातर हाँ'],['हमेशा'],['ज़्यादातर नहीं'],['हमेशा'],['हमेशा'],['ज़्यादातर नहीं'],['हमेशा'],['ज़्यादातर हाँ'],['ज़्यादातर हाँ'],['ज़्यादातर नहीं'],['हमेशा'],['कभी नहीं'],['हाँ'],"[{'daily_activity': ['घर का काम (खाना बनाना, सफाई करना, पानी भरना, बुजुर्गों का ख्याल रखना इत्यादि)'], 'activity_time': '3 घंटे: 10 मिनट'}, {'daily_activity': ['सुबह का नाश्ता'], 'activity_time': '4 घंटे: 10 मिनट'}, {'daily_activity': ['अपने खेत पर काम'], 'activity_time': '3 घंटे: 05 मिनट'}, {'daily_activity': ['तैयार होना/नहाना-धोना'], 'activity_time': '3 घंटे: 15 मिनट'}, {'daily_activity': ['आराम करना/परिवार के साथ समय बिताना'], 'activity_time': '2 घंटे: 25 मिनट'}, {'daily_activity': ['टीवी देखना/व्हाट्सऐप/फोन देखना'], 'activity_time': '1 घंटे: 8 मिनट'}, {'daily_activity': ['टीवी देखना/व्हाट्सऐप/फोन देखना'], 'activity_time': '1 घंटे: 35 मिनट'}]"
11748,11 घंटे:  मिनट,7 घंटे:  मिनट,['मैं कुछ हद तक सहमत हूँ'],['भ्रष्टाचार'],['मैं पूरी तरह सहमत हूँ'],"['मैं न सहमत हूँ, न असहमत हूँ']",['ज़्यादातर हाँ'],['ज़्यादातर नहीं'],['ज़्यादातर हाँ'],['हमेशा'],['ज़्यादातर नहीं'],['ज़्यादातर हाँ'],['ज़्यादातर हाँ'],['हमेशा'],['ज़्यादातर हाँ'],['हमेशा'],['ज़्यादातर हाँ'],['ज़्यादातर हाँ'],['हमेशा'],['हाँ'],"[{'daily_activity': ['सुबह का नाश्ता'], 'activity_time': '2 घंटे:  मिनट'}, {'daily_activity': ['अपने खेत पर काम'], 'activity_time': '4 घंटे:  मिनट'}, {'daily_activity': ['दोपहर का खाना'], 'activity_time': ' घंटे: 30 मिनट'}, {'daily_activity': ['आराम करना/परिवार के साथ समय बिताना'], 'activity_time': '2 घंटे:  मिनट'}]"
11757,12 घंटे:  मिनट,8 घंटे:  मिनट,['मैं पूरी तरह सहमत हूँ'],['शिक्षा की कमी'],['मैं कुछ हद तक सहमत हूँ'],['मैं पूरी तरह सहमत हूँ'],['ज़्यादातर हाँ'],['हमेशा'],['हमेशा'],['ज़्यादातर हाँ'],['हमेशा'],['हमेशा'],['हमेशा'],['हमेशा'],['हमेशा'],['हमेशा'],['ज़्यादातर हाँ'],['हमेशा'],['हमेशा'],['हाँ'],"[{'daily_activity': ['दोपहर का खाना'], 'activity_time': '2 घंटे:  मिनट'}, {'daily_activity': ['टीवी देखना/व्हाट्सऐप/फोन देखना'], 'activity_time': '3 घंटे:  मिनट'}]"
11948, घंटे: 11 मिनट, घंटे: 7 मिनट,['मैं पूरी तरह असहमत हूँ'],['नौकरी के मौके की कमी'],['मैं पूरी तरह असहमत हूँ'],['मैं पूरी तरह असहमत हूँ'],['हाँ'],['नहीं'],['नहीं'],['हाँ'],['हाँ'],['हाँ'],['नहीं'],['हाँ'],['नहीं'],['हाँ'],['हाँ'],['हाँ'],['हाँ'],['नहीं'],"[{'daily_activity': ['घर के अंदर घरेलू काम (जैसे खाना बनाना, सफाई करना)'], 'activity_time': ' घंटे: 3 मिनट'}, {'daily_activity': ['बीमार या बुज़ुर्गों की देखभाल करना जैसे a) नहलाना b) कपड़े पहनाना c) स्कूल लाना d) खाना खिलाना e) होमवर्क में मदद करना f) बच्चों के साथ खेलना (सक्रिय रूप से)'], 'activity_time': ' घंटे: 1 मिनट'}, {'daily_activity': ['घर के बाहर घरेलू काम जैसे पानी इकट्ठा करना, जलाऊ लकड़ी इकट्ठा करना, किराने का सामान खरीदना, नदी किनारे कपड़े धोना'], 'activity_time': ' घंटे: 2 मिनट'}, {'daily_activity': ['आय अर्जित करने वाला काम (दैनिक/नियमित वेतन पर) जैसे वेतन वाली नौकरी, निर्माण कार्य'], 'activity_time': ' घंटे: 3 मिनट'}, {'daily_activity': ['खाना'], 'activity_time': '10 घंटे:  मिनट'}]"
12368,9 घंटे: 30 मिनट,5 घंटे:  मिनट,['मैं पूरी तरह सहमत हूँ'],['शिक्षा की कमी'],['मैं कुछ हद तक सहमत हूँ'],['मैं पूरी तरह सहमत हूँ'],['ज़्यादातर हाँ'],['हमेशा'],['ज़्यादातर हाँ'],['ज़्यादातर नहीं'],['ज़्यादातर हाँ'],['ज़्यादातर हाँ'],['ज़्यादातर नहीं'],['ज़्यादातर हाँ'],['ज़्यादातर हाँ'],['ज़्यादातर हाँ'],['ज़्यादातर हाँ'],['ज़्यादातर हाँ'],['ज़्यादातर नहीं'],['हाँ'],"[{'daily_activity': ['अपने खेत पर काम'], 'activity_time': '2 घंटे:  मिनट'}, {'daily_activity': ['सुबह का नाश्ता'], 'activity_time': ' घंटे: 30 मिनट'}, {'daily_activity': ['अपने खेत पर काम'], 'activity_time': '2 घंटे: 30 मिनट'}, {'daily_activity': ['दोपहर का खाना'], 'activity_time': ' घंटे: 30 मिनट'}]"
17697,9 घंटे: 30 मिनट,5 घंटे: 45 मिनट,['मैं पूरी तरह सहमत हूँ'],"['जाति, धर्म या लिंग के आधार पर भेदभाव']",['मैं पूरी तरह सहमत हूँ'],"['मैं न सहमत हूँ, न असहमत हूँ']",['हमेशा'],['ज़्यादातर नहीं'],['ज़्यादातर नहीं'],['ज़्यादातर नहीं'],['हमेशा'],['ज़्यादातर हाँ'],['ज़्यादातर नहीं'],['ज़्यादातर नहीं'],['ज़्यादातर नहीं'],['हमेशा'],['ज़्यादातर हाँ'],['ज़्यादातर हाँ'],['ज़्यादातर हाँ'],['हाँ'],"[{'daily_activity': ['रात का खाना'], 'activity_time': '0 घंटे: 45 मिनट'}, {'daily_activity': ['आराम करना/परिवार के साथ समय बिताना'], 'activity_time': '2 घंटे: 30 मिनट'}, {'daily_activity': ['टीवी देखना/व्हाट्सऐप/फोन देखना'], 'activity_time': '1 घंटे: 45 मिनट'}]"
17941,9 घंटे: 30 मिनट,5 घंटे: 30 मिनट,['मैं पूरी तरह सहमत हूँ'],['शिक्षा की कमी'],['मैं पूरी तरह सहमत हूँ'],['मैं पूरी तरह सहमत हूँ'],['हमेशा'],['हमेशा'],['हमेशा'],['हमेशा'],['कभी नहीं'],['कभी नहीं'],['हमेशा'],['हमेशा'],['कभी नहीं'],['कभी नहीं'],['कभी नहीं'],['कभी नहीं'],['कभी नहीं'],['नहीं'],"[{'daily_activity': ['घर का काम (खाना बनाना, सफाई करना, पानी भरना, बुजुर्गों का ख्याल रखना इत्यादि)'], 'activity_time': '2 घंटे: 00 मिनट'}, {'daily_activity': ['तैयार होना/नहाना-धोना'], 'activity_time': '1 घंटे: 30 मिनट'}, {'daily_activity': ['सुबह का नाश्ता'], 'activity_time': '30 घंटे: 00 मिनट'}, {'daily_activity': ['आय अर्जित करने वाला काम/नौकरी'], 'activity_time': '30 घंटे: 00 मिनट'}, {'daily_activity': ['अपने खेत पर काम'], 'activity_time': '1 घंटे: 30 मिनट'}, {'daily_activity': ['आराम करना/परिवार के साथ समय बिताना'], 'activity_time': '2 घंटे: 30 मिनट'}, {'daily_activity': ['अपने व्यवसाय/व्यापार/दुकान पर काम'], 'activity_time': '1 घंटे: 30 मिनट'}, {'daily_activity': ['आराम करना/परिवार के साथ समय बिताना'], 'activity_time': '2 घंटे: 30 मिनट'}, {'daily_activity': ['अपने व्यवसाय/व्यापार/दुकान पर काम'], 'activity_time': '2 घंटे: 00 मिनट'}, {'daily_activity': ['टीवी देखना/व्हाट्सऐप/फोन देखना'], 'activity_time': '1 घंटे: 30 मिनट'}]"
19175,9 घंटे: 54 मिनट,6 घंटे: 00 मिनट,['मैं पूरी तरह सहमत हूँ'],['शिक्षा की कमी'],['मैं पूरी तरह सहमत हूँ'],['मैं कुछ हद तक सहमत हूँ'],['ज़्यादातर हाँ'],['ज़्यादातर हाँ'],['ज़्यादातर हाँ'],['ज़्यादातर हाँ'],['हमेशा'],['हमेशा'],['हमेशा'],['ज़्यादातर हाँ'],['ज़्यादातर हाँ'],['हमेशा'],['हमेशा'],['ज़्यादातर हाँ'],['ज़्यादातर हाँ'],['हाँ'],"[{'daily_activity': ['दोपहर का खाना'], 'activity_time': '00 घंटे: 30 मिनट'}]"
19190,10 घंटे: 30 मिनट,6 घंटे: 00 मिनट,['मैं कुछ हद तक सहमत हूँ'],['भ्रष्टाचार'],['मैं पूरी तरह असहमत हूँ'],['मैं पूरी तरह असहमत हूँ'],['हमेशा'],['कभी नहीं'],['कभी नहीं'],['हमेशा'],['कभी नहीं'],['हमेशा'],['कभी नहीं'],['कभी नहीं'],['कभी नहीं'],['हमेशा'],['हमेशा'],['हमेशा'],['कभी नहीं'],['हाँ'],"[{'daily_activity': ['तैयार होना/नहाना-धोना'], 'activity_time': ' घंटे: 45 मिनट'}, {'daily_activity': ['सुबह का नाश्ता'], 'activity_time': ' घंटे: 20 मिनट'}, {'daily_activity': ['अपने खेत पर काम'], 'activity_time': '2 घंटे:  मिनट'}, {'daily_activity': ['आराम करना/परिवार के साथ समय बिताना'], 'activity_time': '1 घंटे: 30 मिनट'}, {'daily_activity': ['दोपहर का खाना'], 'activity_time': ' घंटे: 20 मिनट'}, {'daily_activity': ['आराम करना/परिवार के साथ समय बिताना'], 'activity_time': ' घंटे: 45 मिनट'}, {'daily_activity': ['अपने खेत पर काम'], 'activity_time': '2 घंटे: 30 मिनट'}, {'daily_activity': ['आराम करना/परिवार के साथ समय बिताना'], 'activity_time': '1 घंटे: 30 मिनट'}, {'daily_activity': ['टीवी देखना/व्हाट्सऐप/फोन देखना'], 'activity_time': '1 घंटे:  मिनट'}, {'daily_activity': ['रात का खाना'], 'activity_time': ' घंटे: 20 मिनट'}]"
20426,11 घंटे: 00 मिनट,6 घंटे: 00 मिनट,['मैं पूरी तरह सहमत हूँ'],['नौकरी के मौके की कमी'],['मैं पूरी तरह सहमत हूँ'],['मैं पूरी तरह सहमत हूँ'],['हमेशा'],['कभी नहीं'],['ज़्यादातर हाँ'],['हमेशा'],['ज़्यादातर नहीं'],['ज़्यादातर हाँ'],['हमेशा'],['ज़्यादातर नहीं'],['ज़्यादातर हाँ'],['हमेशा'],['ज़्यादातर हाँ'],['ज़्यादातर हाँ'],['ज़्यादातर हाँ'],['हाँ'],"[{'daily_activity': ['तैयार होना/नहाना-धोना'], 'activity_time': '1 घंटे:  मिनट'}, {'daily_activity': ['सुबह का नाश्ता'], 'activity_time': '1 घंटे:  मिनट'}, {'daily_activity': ['अपने खेत पर काम'], 'activity_time': '2 घंटे:  मिनट'}, {'daily_activity': ['दोपहर का खाना'], 'activity_time': ' घंटे: 30 मिनट'}, {'daily_activity': ['रात का खाना'], 'activity_time': ' घंटे: 20 मिनट'}, {'daily_activity': ['आराम करना/परिवार के साथ समय बिताना'], 'activity_time': '1 घंटे:  मिनट'}]"
20484, घंटे: 9 मिनट,23 घंटे: 9 मिनट,['मैं पूरी तरह सहमत हूँ'],['नौकरी के मौके की कमी'],['मैं कुछ हद तक सहमत हूँ'],"['मैं न सहमत हूँ, न असहमत हूँ']",['ज़्यादातर हाँ'],['ज़्यादातर हाँ'],['ज़्यादातर नहीं'],['हमेशा'],['ज़्यादातर नहीं'],['हमेशा'],['कभी नहीं'],['ज़्यादातर हाँ'],['हमेशा'],['ज़्यादातर नहीं'],['ज़्यादातर हाँ'],['कभी नहीं'],['ज़्यादातर हाँ'],['हाँ'],"[{'daily_activity': ['रात का खाना'], 'activity_time': '30 घंटे:  मिनट'}, {'daily_activity': ['आराम करना/परिवार के साथ समय बिताना'], 'activity_time': '30 घंटे: 2 मिनट'}, {'daily_activity': ['टीवी देखना/व्हाट्सऐप/फोन देखना'], 'activity_time': '3 घंटे: 2 मिनट'}]"
20493,30 घंटे: 10 मिनट,00 घंटे: 7 मिनट,['मैं पूरी तरह सहमत हूँ'],['शिक्षा की कमी'],['मैं पूरी तरह असहमत हूँ'],['मैं पूरी तरह असहमत हूँ'],['ज़्यादातर हाँ'],['ज़्यादातर नहीं'],['ज़्यादातर नहीं'],['ज़्यादातर हाँ'],['ज़्यादातर हाँ'],['ज़्यादातर हाँ'],['ज़्यादातर हाँ'],['ज़्यादातर नहीं'],['ज़्यादातर नहीं'],['ज़्यादातर हाँ'],['ज़्यादातर हाँ'],['ज़्यादातर हाँ'],['ज़्यादातर हाँ'],['हाँ'],"[{'daily_activity': ['तैयार होना/नहाना-धोना'], 'activity_time': '00 घंटे: 2 मिनट'}, {'daily_activity': ['सुबह का नाश्ता'], 'activity_time': '30 घंटे:  मिनट'}, {'daily_activity': ['आय अर्जित करने वाला काम/नौकरी'], 'activity_time': '00 घंटे: 7 मिनट'}, {'daily_activity': ['दोपहर का खाना'], 'activity_time': '30 घंटे:  मिनट'}, {'daily_activity': ['आराम करना/परिवार के साथ समय बिताना'], 'activity_time': ' घंटे: 2 मिनट'}, {'daily_activity': ['टीवी देखना/व्हाट्सऐप/फोन देखना'], 'activity_time': ' घंटे: 1 मिनट'}, {'daily_activity': ['रात का खाना'], 'activity_time': ' घंटे: 1 मिनट'}]"
21528,9 घंटे: 30 मिनट,6 घंटे: 00 मिनट,['मैं पूरी तरह सहमत हूँ'],['शिक्षा की कमी'],['मैं पूरी तरह असहमत हूँ'],['मैं पूरी तरह असहमत हूँ'],['हमेशा'],['कभी नहीं'],['कभी नहीं'],['ज़्यादातर हाँ'],['ज़्यादातर हाँ'],['ज़्यादातर हाँ'],['हमेशा'],['हमेशा'],['हमेशा'],['ज़्यादातर हाँ'],['ज़्यादातर हाँ'],['ज़्यादातर हाँ'],['ज़्यादातर हाँ'],['हाँ'],"[{'daily_activity': ['तैयार होना/नहाना-धोना'], 'activity_time': ' घंटे: 30 मिनट'}, {'daily_activity': ['सुबह का नाश्ता'], 'activity_time': ' घंटे: 20 मिनट'}, {'daily_activity': ['आराम करना/परिवार के साथ समय बिताना'], 'activity_time': '2 घंटे:  मिनट'}, {'daily_activity': ['टीवी देखना/व्हाट्सऐप/फोन देखना'], 'activity_time': '3 घंटे:  मिनट'}, {'daily_activity': ['दोपहर का खाना'], 'activity_time': ' घंटे: 30 मिनट'}, {'daily_activity': ['आराम करना/परिवार के साथ समय बिताना'], 'activity_time': '2 घंटे:  मिनट'}, {'daily_activity': ['टीवी देखना/व्हाट्सऐप/फोन देखना'], 'activity_time': '2 घंटे:  मिनट'}, {'daily_activity': ['आराम करना/परिवार के साथ समय बिताना'], 'activity_time': '1 घंटे:  मिनट'}, {'daily_activity': ['रात का खाना'], 'activity_time': ' घंटे: 45 मिनट'}]"
22383,11 घंटे: 30 मिनट,6 घंटे: 30 मिनट,['मैं पूरी तरह सहमत हूँ'],['नौकरी के मौके की कमी'],['मैं कुछ हद तक सहमत हूँ'],['मैं पूरी तरह असहमत हूँ'],['ज़्यादातर हाँ'],['ज़्यादातर नहीं'],['ज़्यादातर नहीं'],['ज़्यादातर नहीं'],['कभी नहीं'],['ज़्यादातर नहीं'],['ज़्यादातर नहीं'],['ज़्यादातर नहीं'],['ज़्यादातर नहीं'],['ज़्यादातर नहीं'],['ज़्यादातर नहीं'],['ज़्यादातर नहीं'],['ज़्यादातर नहीं'],['नहीं'],"[{'daily_activity': ['तैयार होना/नहाना-धोना'], 'activity_time': '2 घंटे: 20 मिनट'}, {'daily_activity': ['सुबह का नाश्ता'], 'activity_time': ' घंटे: 30 मिनट'}, {'daily_activity': ['आय अर्जित करने वाला काम/नौकरी'], 'activity_time': '5 घंटे: 00 मिनट'}, {'daily_activity': ['दोपहर का खाना'], 'activity_time': ',  घंटे: 60 मिनट'}, {'daily_activity': ['आराम करना/परिवार के साथ समय बिताना'], 'activity_time': '2 घंटे: 30 मिनट'}]"
24432,9 घंटे: 30 मिनट,5 घंटे: 30 मिनट,['मैं पूरी तरह सहमत हूँ'],['शिक्षा की कमी'],['मैं पूरी तरह सहमत हूँ'],['मैं पूरी तरह सहमत हूँ'],['हमेशा'],['ज़्यादातर हाँ'],['ज़्यादातर नहीं'],['ज़्यादातर नहीं'],['कभी नहीं'],['हमेशा'],['हमेशा'],['कभी नहीं'],['ज़्यादातर नहीं'],['हमेशा'],['हमेशा'],['ज़्यादातर हाँ'],['ज़्यादातर हाँ'],['हाँ'],"[{'daily_activity': ['सुबह का नाश्ता'], 'activity_time': ' घंटे: 20 मिनट'}, {'daily_activity': ['तैयार होना/नहाना-धोना'], 'activity_time': '1 घंटे: 20 मिनट'}, {'daily_activity': ['दोपहर का खाना'], 'activity_time': ' घंटे: 30 मिनट'}, {'daily_activity': ['आराम करना/परिवार के साथ समय बिताना'], 'activity_time': '2 घंटे: 30  मिनट'}, {'daily_activity': ['रात का खाना'], 'activity_time': ' घंटे: 30 मिनट'}, {'daily_activity': ['टीवी देखना/व्हाट्सऐप/फोन देखना'], 'activity_time': '1 घंटे: 10 मिनट'}]"
25528,10 घंटे:  मिनट,6 घंटे: 30 मिनट,['मैं कुछ हद तक सहमत हूँ'],"['जाति, धर्म या लिंग के आधार पर भेदभाव']",['मैं पूरी तरह असहमत हूँ'],['मैं पूरी तरह असहमत हूँ'],['हमेशा'],['कभी नहीं'],['कभी नहीं'],['हमेशा'],['हमेशा'],['हमेशा'],['कभी नहीं'],['कभी नहीं'],['कभी नहीं'],['हमेशा'],['हमेशा'],['हमेशा'],['कभी नहीं'],['हाँ'],"[{'daily_activity': ['तैयार होना/नहाना-धोना'], 'activity_time': ' घंटे: 50 मिनट'}, {'daily_activity': ['सुबह का नाश्ता'], 'activity_time': ' घंटे: 20 मिनट'}, {'daily_activity': ['आय अर्जित करने वाला काम/नौकरी'], 'activity_time': '8 घंटे:  मिनट'}, {'daily_activity': ['आराम करना/परिवार के साथ समय बिताना'], 'activity_time': '2 घंटे:  मिनट'}, {'daily_activity': ['टीवी देखना/व्हाट्सऐप/फोन देखना'], 'activity_time': ' घंटे: 45 मिनट'}, {'daily_activity': ['रात का खाना'], 'activity_time': ' घंटे: 20 मिनट'}]"
26556,10 घंटे: 00 मिनट,5 घंटे: 00 मिनट,['मैं पूरी तरह सहमत हूँ'],['शिक्षा की कमी'],['मैं पूरी तरह असहमत हूँ'],['मैं कुछ हद तक असहमत हूँ'],['ज़्यादातर नहीं'],['ज़्यादातर नहीं'],['ज़्यादातर नहीं'],['ज़्यादातर हाँ'],['ज़्यादातर हाँ'],['ज़्यादातर हाँ'],['कभी नहीं'],['ज़्यादातर नहीं'],['ज़्यादातर नहीं'],['ज़्यादातर नहीं'],['ज़्यादातर नहीं'],['ज़्यादातर नहीं'],['ज़्यादातर नहीं'],['हाँ'],"[{'daily_activity': ['तैयार होना/नहाना-धोना'], 'activity_time': '1 घंटे: 00 मिनट'}, {'daily_activity': ['सुबह का नाश्ता'], 'activity_time': '00 घंटे: 20 मिनट'}, {'daily_activity': ['अपने खेत पर काम'], 'activity_time': '8 घंटे: 00 मिनट'}, {'daily_activity': ['दोपहर का खाना'], 'activity_time': '00 घंटे: 30 मिनट'}, {'daily_activity': ['आराम करना/परिवार के साथ समय बिताना'], 'activity_time': '1 घंटे: 00 मिनट'}, {'daily_activity': ['टीवी देखना/व्हाट्सऐप/फोन देखना'], 'activity_time': '1 घंटे: 00 मिनट'}, {'daily_activity': ['रात का खाना'], 'activity_time': '00 घंटे: 30 मिनट'}]"
26559,10 घंटे: 00 मिनट,5 घंटे: 00 मिनट,['मैं पूरी तरह सहमत हूँ'],['भ्रष्टाचार'],['मैं पूरी तरह असहमत हूँ'],['मैं कुछ हद तक असहमत हूँ'],['ज़्यादातर नहीं'],['ज़्यादातर नहीं'],['ज़्यादातर नहीं'],['ज़्यादातर हाँ'],['ज़्यादातर हाँ'],['ज़्यादातर हाँ'],['कभी नहीं'],['ज़्यादातर नहीं'],['ज़्यादातर नहीं'],['ज़्यादातर नहीं'],['ज़्यादातर नहीं'],['ज़्यादातर नहीं'],['ज़्यादातर हाँ'],['हाँ'],"[{'daily_activity': ['तैयार होना/नहाना-धोना'], 'activity_time': '00 घंटे: 20 मिनट'}, {'daily_activity': ['सुबह का नाश्ता'], 'activity_time': '00 घंटे: 30 मिनट'}, {'daily_activity': ['अपने खेत पर काम'], 'activity_time': '10 घंटे: 00 मिनट'}, {'daily_activity': ['दोपहर का खाना'], 'activity_time': '00 घंटे: 20 मिनट'}, {'daily_activity': ['टीवी देखना/व्हाट्सऐप/फोन देखना'], 'activity_time': '1 घंटे: 00 मिनट'}, {'daily_activity': ['आराम करना/परिवार के साथ समय बिताना'], 'activity_time': '1 घंटे: 00 मिनट'}, {'daily_activity': ['रात का खाना'], 'activity_time': '00 घंटे: 20 मिनट'}]"
26562,10 घंटे: 00 मिनट,6 घंटे: 00 मिनट,['मैं पूरी तरह सहमत हूँ'],['शिक्षा की कमी'],['मैं पूरी तरह असहमत हूँ'],['मैं कुछ हद तक असहमत हूँ'],['ज़्यादातर नहीं'],['ज़्यादातर नहीं'],['ज़्यादातर नहीं'],['ज़्यादातर हाँ'],['ज़्यादातर हाँ'],['ज़्यादातर हाँ'],['कभी नहीं'],['ज़्यादातर हाँ'],['ज़्यादातर हाँ'],['ज़्यादातर नहीं'],['ज़्यादातर नहीं'],['ज़्यादातर नहीं'],['ज़्यादातर नहीं'],['हाँ'],"[{'daily_activity': ['तैयार होना/नहाना-धोना'], 'activity_time': '00 घंटे: 30 मिनट'}, {'daily_activity': ['सुबह का नाश्ता'], 'activity_time': '00 घंटे: 20 मिनट'}, {'daily_activity': ['अपने खेत पर काम'], 'activity_time': '10 घंटे: 00 मिनट'}, {'daily_activity': ['दोपहर का खाना'], 'activity_time': '00 घंटे: 30 मिनट'}, {'daily_activity': ['आराम करना/परिवार के साथ समय बिताना'], 'activity_time': '1 घंटे: 00 मिनट'}, {'daily_activity': ['टीवी देखना/व्हाट्सऐप/फोन देखना'], 'activity_time': '1 घंटे: 00 मिनट'}, {'daily_activity': ['रात का खाना'], 'activity_time': '00 घंटे: 30 मिनट'}]"
26895,10 घंटे: 00 मिनट,5 घंटे: 00 मिनट,['मैं पूरी तरह सहमत हूँ'],['भ्रष्टाचार'],['मैं पूरी तरह असहमत हूँ'],['मैं कुछ हद तक असहमत हूँ'],['ज़्यादातर नहीं'],['ज़्यादातर नहीं'],['ज़्यादातर नहीं'],['ज़्यादातर नहीं'],['ज़्यादातर हाँ'],['ज़्यादातर हाँ'],['कभी नहीं'],['ज़्यादातर नहीं'],['ज़्यादातर नहीं'],['ज़्यादातर नहीं'],['ज़्यादातर हाँ'],['ज़्यादातर हाँ'],['ज़्यादातर हाँ'],['हाँ'],"[{'daily_activity': ['अपने खेत पर काम'], 'activity_time': '10 घंटे: 00 मिनट'}, {'daily_activity': ['दोपहर का खाना'], 'activity_time': '00 घंटे: 20 मिनट'}, {'daily_activity': ['आराम करना/परिवार के साथ समय बिताना'], 'activity_time': '1 घंटे: 00 मिनट'}, {'daily_activity': ['टीवी देखना/व्हाट्सऐप/फोन देखना'], 'activity_time': '1 घंटे: 00 मिनट'}, {'daily_activity': ['रात का खाना'], 'activity_time': '1 घंटे: 00 मिनट'}]"
26900,10 घंटे: 00 मिनट,5 घंटे: 00 मिनट,['मैं पूरी तरह सहमत हूँ'],['शिक्षा की कमी'],['मैं पूरी तरह असहमत हूँ'],['मैं कुछ हद तक असहमत हूँ'],['ज़्यादातर नहीं'],['ज़्यादातर नहीं'],['ज़्यादातर नहीं'],['ज़्यादातर हाँ'],['ज़्यादातर हाँ'],['ज़्यादातर हाँ'],['कभी नहीं'],['ज़्यादातर नहीं'],['ज़्यादातर नहीं'],['ज़्यादातर हाँ'],['ज़्यादातर हाँ'],['ज़्यादातर हाँ'],['कभी नहीं'],['हाँ'],"[{'daily_activity': ['तैयार होना/नहाना-धोना'], 'activity_time': '1 घंटे: 00 मिनट'}, {'daily_activity': ['सुबह का नाश्ता'], 'activity_time': '00 घंटे: 20 मिनट'}, {'daily_activity': ['अपने खेत पर काम'], 'activity_time': '8 घंटे: 00 मिनट'}, {'daily_activity': ['दोपहर का खाना'], 'activity_time': '00 घंटे: 30 मिनट'}, {'daily_activity': ['आराम करना/परिवार के साथ समय बिताना'], 'activity_time': '1 घंटे: 00 मिनट'}, {'daily_activity': ['टीवी देखना/व्हाट्सऐप/फोन देखना'], 'activity_time': '1 घंटे: 00 मिनट'}]"
26901,10 घंटे: 00 मिनट,5 घंटे: 00 मिनट,['मैं पूरी तरह सहमत हूँ'],['भ्रष्टाचार'],['मैं पूरी तरह असहमत हूँ'],['मैं पूरी तरह असहमत हूँ'],['ज़्यादातर नहीं'],['ज़्यादातर नहीं'],['ज़्यादातर नहीं'],['ज़्यादातर नहीं'],['ज़्यादातर हाँ'],['ज़्यादातर हाँ'],['कभी नहीं'],['ज़्यादातर नहीं'],['ज़्यादातर नहीं'],['ज़्यादातर नहीं'],['ज़्यादातर हाँ'],['ज़्यादातर हाँ'],['कभी नहीं'],['हाँ'],"[{'daily_activity': ['तैयार होना/नहाना-धोना'], 'activity_time': '1 घंटे: 00 मिनट'}, {'daily_activity': ['सुबह का नाश्ता'], 'activity_time': '00 घंटे: 20 मिनट'}, {'daily_activity': ['अपने खेत पर काम'], 'activity_time': '8 घंटे: 00 मिनट'}, {'daily_activity': ['आराम करना/परिवार के साथ समय बिताना'], 'activity_time': '1 घंटे: 00 मिनट'}, {'daily_activity': ['टीवी देखना/व्हाट्सऐप/फोन देखना'], 'activity_time': '1 घंटे: 00 मिनट'}]"
27125,9 घंटे: 00 मिनट,5 घंटे: 00 मिनट,['मैं पूरी तरह सहमत हूँ'],['शिक्षा की कमी'],['मैं पूरी तरह सहमत हूँ'],['मैं कुछ हद तक सहमत हूँ'],['कभी नहीं'],['ज़्यादातर नहीं'],['ज़्यादातर नहीं'],['ज़्यादातर नहीं'],['ज़्यादातर नहीं'],['ज़्यादातर हाँ'],['कभी नहीं'],['कभी नहीं'],['ज़्यादातर हाँ'],['ज़्यादातर हाँ'],['ज़्यादातर नहीं'],['ज़्यादातर हाँ'],['ज़्यादातर हाँ'],['हाँ'],"[{'daily_activity': ['तैयार होना/नहाना-धोना'], 'activity_time': '1 घंटे: 00 मिनट'}, {'daily_activity': ['सुबह का नाश्ता'], 'activity_time': '1 घंटे: 00 मिनट'}, {'daily_activity': ['दोपहर का खाना'], 'activity_time': ' घंटे: 30 मिनट'}, {'daily_activity': ['आराम करना/परिवार के साथ समय बिताना'], 'activity_time': '4 घंटे: 00 मिनट'}]"
27161,11 घंटे: 30 मिनट,7 घंटे: 0 मिनट,['मैं कुछ हद तक सहमत हूँ'],['शिक्षा की कमी'],['मैं पूरी तरह असहमत हूँ'],['मैं पूरी तरह असहमत हूँ'],['हमेशा'],['ज़्यादातर नहीं'],['कभी नहीं'],['हमेशा'],['हमेशा'],['हमेशा'],['कभी नहीं'],['कभी नहीं'],['कभी नहीं'],['हमेशा'],['हमेशा'],['हमेशा'],['कभी नहीं'],['नहीं'],"[{'daily_activity': ['तैयार होना/नहाना-धोना'], 'activity_time': '1 घंटे:  मिनट'}, {'daily_activity': ['सुबह का नाश्ता'], 'activity_time': '0 घंटे: 30 मिनट'}, {'daily_activity': ['आय अर्जित करने वाला काम/नौकरी'], 'activity_time': '4 घंटे: 0 मिनट'}, {'daily_activity': ['दोपहर का खाना'], 'activity_time': '1 घंटे: 0 मिनट'}, {'daily_activity': ['आय अर्जित करने वाला काम/नौकरी'], 'activity_time': '5 घंटे: 0 मिनट'}, {'daily_activity': ['आराम करना/परिवार के साथ समय बिताना'], 'activity_time': '2 घंटे: 0 मिनट'}, {'daily_activity': ['टीवी देखना/व्हाट्सऐप/फोन देखना'], 'activity_time': '1 घंटे:  मिनट'}, {'daily_activity': ['आराम करना/परिवार के साथ समय बिताना'], 'activity_time': '3 घंटे:  मिनट'}]"
27481,10 घंटे: 00 मिनट,5 घंटे: 00 मिनट,['मैं पूरी तरह सहमत हूँ'],['शिक्षा की कमी'],['मैं पूरी तरह असहमत हूँ'],['मैं कुछ हद तक असहमत हूँ'],['ज़्यादातर नहीं'],['ज़्यादातर नहीं'],['ज़्यादातर नहीं'],['ज़्यादातर हाँ'],['ज़्यादातर हाँ'],['ज़्यादातर हाँ'],['ज़्यादातर नहीं'],['ज़्यादातर नहीं'],['ज़्यादातर नहीं'],['ज़्यादातर हाँ'],['ज़्यादातर हाँ'],['ज़्यादातर हाँ'],['कभी नहीं'],['हाँ'],"[{'daily_activity': ['तैयार होना/नहाना-धोना'], 'activity_time': '1 घंटे: 00 मिनट'}, {'daily_activity': ['सुबह का नाश्ता'], 'activity_time': '00 घंटे: 20 मिनट'}, {'daily_activity': ['अपने खेत पर काम'], 'activity_time': '8 घंटे: 00 मिनट'}, {'daily_activity': ['दोपहर का खाना'], 'activity_time': '00 घंटे: 30 मिनट'}, {'daily_activity': ['आराम करना/परिवार के साथ समय बिताना'], 'activity_time': '1 घंटे: 00 मिनट'}, {'daily_activity': ['टीवी देखना/व्हाट्सऐप/फोन देखना'], 'activity_time': '1 घंटे: 00 मिनट'}, {'daily_activity': ['रात का खाना'], 'activity_time': '00 घंटे: 30 मिनट'}]"
27702,घंटे: 15 मिनट,6 घंटे: 00 मिनट,['मैं पूरी तरह सहमत हूँ'],['शिक्षा की कमी'],['मैं पूरी तरह सहमत हूँ'],['मैं पूरी तरह सहमत हूँ'],['हमेशा'],['हमेशा'],['हमेशा'],['हमेशा'],['हमेशा'],['हमेशा'],['हमेशा'],['कभी नहीं'],['कभी नहीं'],['कभी नहीं'],['कभी नहीं'],['कभी नहीं'],['कभी नहीं'],['हाँ'],"[{'daily_activity': ['घर का काम (खाना बनाना, सफाई करना, पानी भरना, बुजुर्गों का ख्याल रखना इत्यादि)'], 'activity_time': '10 घंटे: 00 मिनट'}, {'daily_activity': ['तैयार होना/नहाना-धोना'], 'activity_time': '10 घंटे: 10 मिनट'}, {'daily_activity': ['सुबह का नाश्ता'], 'activity_time': '10 घंटे: 10 मिनट'}, {'daily_activity': ['आराम करना/परिवार के साथ समय बिताना'], 'activity_time': '1 घंटे: 1 मिनट'}, {'daily_activity': ['दोपहर का खाना'], 'activity_time': '15 घंटे:  मिनट'}]"
27766,9 घंटे: 30 मिनट, घंटे: 6 मिनट,['मैं पूरी तरह असहमत हूँ'],"['जाति, धर्म या लिंग के आधार पर भेदभाव']",['मैं पूरी तरह सहमत हूँ'],['मैं पूरी तरह सहमत हूँ'],['हमेशा'],['ज़्यादातर हाँ'],['ज़्यादातर नहीं'],['ज़्यादातर हाँ'],['ज़्यादातर नहीं'],['हमेशा'],['हमेशा'],['ज़्यादातर नहीं'],['कभी नहीं'],['ज़्यादातर हाँ'],['ज़्यादातर नहीं'],['हमेशा'],['हमेशा'],['हाँ'],"[{'daily_activity': ['तैयार होना/नहाना-धोना'], 'activity_time': '3 घंटे:  मिनट'}, {'daily_activity': ['टीवी देखना/व्हाट्सऐप/फोन देखना'], 'activity_time': '3 घंटे:  मिनट'}]"
28015,10 घंटे: 00 मिनट,5 घंटे: 00 मिनट,['मैं पूरी तरह सहमत हूँ'],['शिक्षा की कमी'],['मैं पूरी तरह असहमत हूँ'],['मैं कुछ हद तक असहमत हूँ'],['ज़्यादातर नहीं'],['ज़्यादातर नहीं'],['ज़्यादातर नहीं'],['ज़्यादातर हाँ'],['ज़्यादातर हाँ'],['ज़्यादातर हाँ'],['कभी नहीं'],['ज़्यादातर हाँ'],['ज़्यादातर हाँ'],['ज़्यादातर हाँ'],['ज़्यादातर हाँ'],['ज़्यादातर नहीं'],['ज़्यादातर नहीं'],['हाँ'],"[{'daily_activity': ['तैयार होना/नहाना-धोना'], 'activity_time': '00 घंटे: 30 मिनट'}, {'daily_activity': ['सुबह का नाश्ता'], 'activity_time': '00 घंटे: 20 मिनट'}, {'daily_activity': ['अपने खेत पर काम'], 'activity_time': '10 घंटे: 00 मिनट'}, {'daily_activity': ['दोपहर का खाना'], 'activity_time': '00 घंटे: 30 मिनट'}, {'daily_activity': ['आराम करना/परिवार के साथ समय बिताना'], 'activity_time': '1 घंटे: 00 मिनट'}, {'daily_activity': ['टीवी देखना/व्हाट्सऐप/फोन देखना'], 'activity_time': '1 घंटे: 00 मिनट'}, {'daily_activity': ['रात का खाना'], 'activity_time': '00 घंटे: 30 मिनट'}]"
28426,10 घंटे: 00 मिनट,5 घंटे: 00 मिनट,['मैं पूरी तरह सहमत हूँ'],['भ्रष्टाचार'],['मैं पूरी तरह असहमत हूँ'],['मैं कुछ हद तक असहमत हूँ'],['ज़्यादातर नहीं'],['ज़्यादातर नहीं'],['ज़्यादातर नहीं'],['ज़्यादातर हाँ'],['ज़्यादातर हाँ'],['ज़्यादातर हाँ'],['कभी नहीं'],['ज़्यादातर हाँ'],['ज़्यादातर नहीं'],['ज़्यादातर नहीं'],['ज़्यादातर नहीं'],['ज़्यादातर नहीं'],['कभी नहीं'],['हाँ'],"[{'daily_activity': ['तैयार होना/नहाना-धोना'], 'activity_time': '00 घंटे: 30 मिनट'}, {'daily_activity': ['सुबह का नाश्ता'], 'activity_time': '00 घंटे: 20 मिनट'}, {'daily_activity': ['अपने खेत पर काम'], 'activity_time': '10 घंटे: 00 मिनट'}, {'daily_activity': ['दोपहर का खाना'], 'activity_time': '00 घंटे: 30 मिनट'}, {'daily_activity': ['आराम करना/परिवार के साथ समय बिताना'], 'activity_time': '1 घंटे: 00 मिनट'}, {'daily_activity': ['टीवी देखना/व्हाट्सऐप/फोन देखना'], 'activity_time': '1 घंटे: 00 मिनट'}, {'daily_activity': ['रात का खाना'], 'activity_time': '00 घंटे: 30 मिनट'}]"
28872,10 घंटे: 00 मिनट,5 घंटे: 00 मिनट,['मैं पूरी तरह सहमत हूँ'],['भ्रष्टाचार'],['मैं पूरी तरह असहमत हूँ'],['मैं कुछ हद तक असहमत हूँ'],['ज़्यादातर नहीं'],['ज़्यादातर नहीं'],['ज़्यादातर नहीं'],['ज़्यादातर हाँ'],['ज़्यादातर हाँ'],['ज़्यादातर हाँ'],['कभी नहीं'],['ज़्यादातर नहीं'],['ज़्यादातर नहीं'],['ज़्यादातर नहीं'],['ज़्यादातर हाँ'],['ज़्यादातर हाँ'],['ज़्यादातर हाँ'],['हाँ'],"[{'daily_activity': ['तैयार होना/नहाना-धोना'], 'activity_time': '00 घंटे: 20 मिनट'}, {'daily_activity': ['सुबह का नाश्ता'], 'activity_time': '00 घंटे: 20 मिनट'}, {'daily_activity': ['अपने खेत पर काम'], 'activity_time': '10 घंटे: 00 मिनट'}, {'daily_activity': ['दोपहर का खाना'], 'activity_time': '00 घंटे: 20 मिनट'}, {'daily_activity': ['आराम करना/परिवार के साथ समय बिताना'], 'activity_time': '1 घंटे: 00 मिनट'}, {'daily_activity': ['टीवी देखना/व्हाट्सऐप/फोन देखना'], 'activity_time': '1 घंटे: 00 मिनट'}, {'daily_activity': ['रात का खाना'], 'activity_time': '00 घंटे: 20 मिनट'}]"
30109,6 घंटे: 25 मिनट,7  घंटे: 10 मिनट,['मैं कुछ हद तक सहमत हूँ'],['शिक्षा की कमी'],['मैं कुछ हद तक सहमत हूँ'],"['मैं न सहमत हूँ, न असहमत हूँ']",['हमेशा'],['ज़्यादातर नहीं'],['ज़्यादातर हाँ'],['ज़्यादातर नहीं'],['कभी नहीं'],['ज़्यादातर हाँ'],['हमेशा'],['हमेशा'],['ज़्यादातर नहीं'],['ज़्यादातर नहीं'],['कभी नहीं'],['ज़्यादातर नहीं'],['कभी नहीं'],['हाँ'],"[{'daily_activity': ['तैयार होना/नहाना-धोना'], 'activity_time': ' घंटे: 25 मिनट'}, {'daily_activity': ['सुबह का नाश्ता'], 'activity_time': ' घंटे: 10 मिनट'}, {'daily_activity': ['टीवी देखना/व्हाट्सऐप/फोन देखना'], 'activity_time': '4 घंटे:  मिनट'}, {'daily_activity': ['अपने खेत पर काम'], 'activity_time': '3 घंटे:  मिनट'}, {'daily_activity': ['दोपहर का खाना'], 'activity_time': ' घंटे: 20 मिनट'}, {'daily_activity': ['आराम करना/परिवार के साथ समय बिताना'], 'activity_time': '1 घंटे:  मिनट'}]"
30704,11 घंटे:  मिनट,7 घंटे:  मिनट,['मैं कुछ हद तक सहमत हूँ'],['शिक्षा की कमी'],['मैं पूरी तरह असहमत हूँ'],['मैं पूरी तरह असहमत हूँ'],['हमेशा'],['कभी नहीं'],['कभी नहीं'],['हमेशा'],['हमेशा'],['हमेशा'],['कभी नहीं'],['ज़्यादातर नहीं'],['ज़्यादातर नहीं'],['हमेशा'],['हमेशा'],['हमेशा'],['कभी नहीं'],['हाँ'],"[{'daily_activity': ['तैयार होना/नहाना-धोना'], 'activity_time': ' घंटे: 50 मिनट'}, {'daily_activity': ['सुबह का नाश्ता'], 'activity_time': ' घंटे: 20 मिनट'}, {'daily_activity': ['आय अर्जित करने वाला काम/नौकरी'], 'activity_time': '8 घंटे:  मिनट'}, {'daily_activity': ['आराम करना/परिवार के साथ समय बिताना'], 'activity_time': '2 घंटे:  मिनट'}, {'daily_activity': ['टीवी देखना/व्हाट्सऐप/फोन देखना'], 'activity_time': ' घंटे: 40 मिनट'}, {'daily_activity': ['रात का खाना'], 'activity_time': ' घंटे: 20 मिनट'}]"
31359,9 घंटे: 30 मिनट,6 घंटे:  मिनट,['मैं कुछ हद तक असहमत हूँ'],['नौकरी के मौके की कमी'],['मैं पूरी तरह सहमत हूँ'],['मैं पूरी तरह असहमत हूँ'],['हमेशा'],['हमेशा'],['हमेशा'],['ज़्यादातर हाँ'],['ज़्यादातर हाँ'],['ज़्यादातर हाँ'],['ज़्यादातर नहीं'],['ज़्यादातर नहीं'],['हमेशा'],['कभी नहीं'],['कभी नहीं'],['हमेशा'],['हमेशा'],['हाँ'],"[{'daily_activity': ['तैयार होना/नहाना-धोना'], 'activity_time': ' घंटे: 50 मिनट'}, {'daily_activity': ['सुबह का नाश्ता'], 'activity_time': ' घंटे: 20 मिनट'}, {'daily_activity': ['अपने खेत पर काम'], 'activity_time': '4 घंटे:  मिनट'}, {'daily_activity': ['घर का काम (खाना बनाना, सफाई करना, पानी भरना, बुजुर्गों का ख्याल रखना इत्यादि)'], 'activity_time': '1 घंटे: 30 मिनट'}, {'daily_activity': ['टीवी देखना/व्हाट्सऐप/फोन देखना'], 'activity_time': '2 घंटे:  मिनट'}, {'daily_activity': ['रात का खाना'], 'activity_time': ' घंटे: 20 मिनट'}]"
31908,12 घंटे: 00 मिनट,6 घंटे: 00 मिनट,['मैं पूरी तरह सहमत हूँ'],['भ्रष्टाचार'],['मैं कुछ हद तक सहमत हूँ'],['मैं पूरी तरह सहमत हूँ'],['ज़्यादातर हाँ'],['ज़्यादातर हाँ'],['हमेशा'],['ज़्यादातर हाँ'],['ज़्यादातर हाँ'],['हमेशा'],['ज़्यादातर हाँ'],['हमेशा'],['ज़्यादातर हाँ'],['हमेशा'],['ज़्यादातर हाँ'],['ज़्यादातर हाँ'],['हमेशा'],['हाँ'],"[{'daily_activity': ['तैयार होना/नहाना-धोना'], 'activity_time': ' घंटे: 10 मिनट'}, {'daily_activity': ['सुबह का नाश्ता'], 'activity_time': ' घंटे: 15 मिनट'}, {'daily_activity': ['अपने खेत पर काम'], 'activity_time': '2 घंटे: 00 मिनट'}, {'daily_activity': ['दोपहर का खाना'], 'activity_time': ' घंटे: 45 मिनट'}, {'daily_activity': ['रात का खाना'], 'activity_time': ' घंटे: 10 मिनट'}]"
32103,11 घंटे:  मिनट,7 घंटे:  मिनट,['मैं कुछ हद तक सहमत हूँ'],['नौकरी के मौके की कमी'],['मैं पूरी तरह असहमत हूँ'],['मैं पूरी तरह असहमत हूँ'],['हमेशा'],['कभी नहीं'],['कभी नहीं'],['हमेशा'],['हमेशा'],['हमेशा'],['कभी नहीं'],['कभी नहीं'],['कभी नहीं'],['हमेशा'],['हमेशा'],['हमेशा'],['कभी नहीं'],['हाँ'],"[{'daily_activity': ['तैयार होना/नहाना-धोना'], 'activity_time': ' घंटे: 50 मिनट'}, {'daily_activity': ['सुबह का नाश्ता'], 'activity_time': ' घंटे: 20 मिनट'}, {'daily_activity': ['आय अर्जित करने वाला काम/नौकरी'], 'activity_time': '8 घंटे:  मिनट'}, {'daily_activity': ['आराम करना/परिवार के साथ समय बिताना'], 'activity_time': '2 घंटे:  मिनट'}, {'daily_activity': ['टीवी देखना/व्हाट्सऐप/फोन देखना'], 'activity_time': ' घंटे: 45 मिनट'}, {'daily_activity': ['रात का खाना'], 'activity_time': ' घंटे: 20 मिनट'}]"
34227,11 घंटे: 00 मिनट,6 घंटे: 00 मिनट,['मैं पूरी तरह सहमत हूँ'],['भ्रष्टाचार'],"['मैं न सहमत हूँ, न असहमत हूँ']",['मैं कुछ हद तक असहमत हूँ'],['हमेशा'],['ज़्यादातर नहीं'],['ज़्यादातर नहीं'],['हमेशा'],['ज़्यादातर हाँ'],['ज़्यादातर हाँ'],['ज़्यादातर नहीं'],['ज़्यादातर नहीं'],['कभी नहीं'],['कभी नहीं'],['हमेशा'],['ज़्यादातर हाँ'],['ज़्यादातर नहीं'],['नहीं'],"[{'daily_activity': ['घर का काम (खाना बनाना, सफाई करना, पानी भरना, बुजुर्गों का ख्याल रखना इत्यादि)'], 'activity_time': '1 घंटे: 30 मिनट'}, {'daily_activity': ['तैयार होना/नहाना-धोना'], 'activity_time': '0 घंटे: 30 मिनट'}, {'daily_activity': ['अपने व्यवसाय/व्यापार/दुकान पर काम'], 'activity_time': '10 घंटे: 0 मिनट'}, {'daily_activity': ['आराम करना/परिवार के साथ समय बिताना'], 'activity_time': '1 घंटे: 0 मिनट'}, {'daily_activity': ['टीवी देखना/व्हाट्सऐप/फोन देखना'], 'activity_time': '1 घंटे:  मिनट'}, {'daily_activity': ['रात का खाना'], 'activity_time': ' घंटे: 30 मिनट'}]"
34578,10 घंटे: 00 मिनट,6 घंटे: 00 मिनट,['मैं पूरी तरह सहमत हूँ'],['नौकरी के मौके की कमी'],['मैं पूरी तरह असहमत हूँ'],['मैं पूरी तरह असहमत हूँ'],['हमेशा'],['ज़्यादातर नहीं'],['ज़्यादातर नहीं'],['ज़्यादातर हाँ'],['ज़्यादातर हाँ'],['ज़्यादातर हाँ'],['ज़्यादातर नहीं'],['ज़्यादातर नहीं'],['ज़्यादातर नहीं'],['ज़्यादातर हाँ'],['ज़्यादातर हाँ'],['ज़्यादातर हाँ'],['ज़्यादातर नहीं'],['नहीं'],"[{'daily_activity': ['घर का काम (खाना बनाना, सफाई करना, पानी भरना, बुजुर्गों का ख्याल रखना इत्यादि)'], 'activity_time': '2 घंटे: 00 मिनट'}, {'daily_activity': ['तैयार होना/नहाना-धोना'], 'activity_time': '1 घंटे: 00 मिनट'}, {'daily_activity': ['सुबह का नाश्ता'], 'activity_time': '00 घंटे: 30 मिनट'}, {'daily_activity': ['आय अर्जित करने वाला काम/नौकरी'], 'activity_time': '9 घंटे: 00 मिनट'}, {'daily_activity': ['दोपहर का खाना'], 'activity_time': '00 घंटे: 30 मिनट'}, {'daily_activity': ['आराम करना/परिवार के साथ समय बिताना'], 'activity_time': '1 घंटे: 30 मिनट'}, {'daily_activity': ['टीवी देखना/व्हाट्सऐप/फोन देखना'], 'activity_time': '1 घंटे: 00 मिनट'}, {'daily_activity': ['रात का खाना'], 'activity_time': '00 घंटे: 30 मिनट'}]"
34810,10 घंटे:  मिनट,7 घंटे:  मिनट,['मैं पूरी तरह सहमत हूँ'],['शिक्षा की कमी'],['मैं पूरी तरह असहमत हूँ'],['मैं पूरी तरह असहमत हूँ'],['ज़्यादातर हाँ'],['ज़्यादातर नहीं'],['कभी नहीं'],['हमेशा'],['हमेशा'],['हमेशा'],['हमेशा'],['ज़्यादातर नहीं'],['ज़्यादातर नहीं'],['ज़्यादातर नहीं'],['हमेशा'],['ज़्यादातर हाँ'],['ज़्यादातर हाँ'],['हाँ'],"[{'daily_activity': ['तैयार होना/नहाना-धोना'], 'activity_time': ' घंटे: 45 मिनट'}, {'daily_activity': ['सुबह का नाश्ता'], 'activity_time': ' घंटे: 30 मिनट'}, {'daily_activity': ['टीवी देखना/व्हाट्सऐप/फोन देखना'], 'activity_time': '2 घंटे:  मिनट'}, {'daily_activity': ['आराम करना/परिवार के साथ समय बिताना'], 'activity_time': '2 घंटे:  मिनट'}, {'daily_activity': ['दोपहर का खाना'], 'activity_time': ' घंटे: 40 मिनट'}, {'daily_activity': ['आराम करना/परिवार के साथ समय बिताना'], 'activity_time': '3 घंटे:  मिनट'}, {'daily_activity': ['टीवी देखना/व्हाट्सऐप/फोन देखना'], 'activity_time': '3 घंटे:  मिनट'}, {'daily_activity': ['रात का खाना'], 'activity_time': ' घंटे: 30 मिनट'}, {'daily_activity': ['टीवी देखना/व्हाट्सऐप/फोन देखना'], 'activity_time': '2 घंटे:  मिनट'}]"
35309,8 घंटे: 0 मिनट,7 घंटे: 0 मिनट,['मैं पूरी तरह सहमत हूँ'],['नौकरी के मौके की कमी'],"['मैं न सहमत हूँ, न असहमत हूँ']",['मैं पूरी तरह असहमत हूँ'],['हमेशा'],['कभी नहीं'],['कभी नहीं'],['ज़्यादातर हाँ'],['ज़्यादातर हाँ'],['ज़्यादातर हाँ'],['ज़्यादातर हाँ'],['ज़्यादातर नहीं'],['कभी नहीं'],['ज़्यादातर हाँ'],['ज़्यादातर हाँ'],['ज़्यादातर हाँ'],['ज़्यादातर हाँ'],['नहीं'],
35322,10 घंटे: 30 मिनट,5 घंटे: 30 मिनट,['मैं कुछ हद तक सहमत हूँ'],['भ्रष्टाचार'],['मैं पूरी तरह सहमत हूँ'],['मैं कुछ हद तक सहमत हूँ'],['हमेशा'],['ज़्यादातर हाँ'],['ज़्यादातर नहीं'],['हमेशा'],['कभी नहीं'],['ज़्यादातर नहीं'],['ज़्यादातर हाँ'],['ज़्यादातर नहीं'],['ज़्यादातर नहीं'],['ज़्यादातर नहीं'],['ज़्यादातर नहीं'],['हमेशा'],['कभी नहीं'],['हाँ'],"[{'daily_activity': ['अपने व्यवसाय/व्यापार/दुकान पर काम'], 'activity_time': '9 घंटे: 30 मिनट'}, {'daily_activity': ['सुबह का नाश्ता'], 'activity_time': '1 घंटे: 45 मिनट'}, {'daily_activity': ['घर का काम (खाना बनाना, सफाई करना, पानी भरना, बुजुर्गों का ख्याल रखना इत्यादि)'], 'activity_time': '1 घंटे: 30 मिनट'}, {'daily_activity': ['आराम करना/परिवार के साथ समय बिताना'], 'activity_time': '2 घंटे: 00 मिनट'}, {'daily_activity': ['रात का खाना'], 'activity_time': '1 घंटे: 00 मिनट'}, {'daily_activity': ['टीवी देखना/व्हाट्सऐप/फोन देखना'], 'activity_time': '2 घंटे: 00 मिनट'}]"
38990,10 घंटे:  मिनट,10 घंटे:  मिनट,['मैं कुछ हद तक असहमत हूँ'],['कानूनों की कमी'],['मैं कुछ हद तक असहमत हूँ'],['मैं कुछ हद तक असहमत हूँ'],['कभी नहीं'],['नहीं'],['कभी नहीं'],['ज़्यादातर हाँ'],['हाँ'],['हमेशा'],['हाँ'],['हमेशा'],['हमेशा'],['हमेशा'],['हाँ'],['हमेशा'],['हाँ'],['हाँ'],"[{'daily_activity': ['दोपहर का खाना'], 'activity_time': '4 घंटे:  मिनट'}]"
39684,9 घंटे: 30 मिनट,6 घंटे:  मिनट,['मैं पूरी तरह सहमत हूँ'],['नौकरी के मौके की कमी'],['मैं कुछ हद तक सहमत हूँ'],['मैं कुछ हद तक सहमत हूँ'],['हमेशा'],['हमेशा'],['ज़्यादातर हाँ'],['ज़्यादातर हाँ'],['ज़्यादातर हाँ'],['ज़्यादातर नहीं'],['हमेशा'],['ज़्यादातर नहीं'],['कभी नहीं'],['हमेशा'],['ज़्यादातर नहीं'],['ज़्यादातर हाँ'],['हमेशा'],['हाँ'],"[{'daily_activity': ['तैयार होना/नहाना-धोना'], 'activity_time': ' घंटे: 50 मिनट'}, {'daily_activity': ['सुबह का नाश्ता'], 'activity_time': ' घंटे: 20 मिनट'}, {'daily_activity': ['अपने खेत पर काम'], 'activity_time': '4 घंटे:  मिनट'}, {'daily_activity': ['घर का काम (खाना बनाना, सफाई करना, पानी भरना, बुजुर्गों का ख्याल रखना इत्यादि)'], 'activity_time': '1 घंटे: 30 मिनट'}, {'daily_activity': ['टीवी देखना/व्हाट्सऐप/फोन देखना'], 'activity_time': '2 घंटे:  मिनट'}, {'daily_activity': ['रात का खाना'], 'activity_time': ' घंटे: 30 मिनट'}]"
41388,9 घंटे: 00 मिनट,4 घंटे: 00 मिनट,['मैं कुछ हद तक असहमत हूँ'],['शिक्षा की कमी'],['मैं पूरी तरह सहमत हूँ'],['मैं पूरी तरह सहमत हूँ'],['हमेशा'],['हमेशा'],['ज़्यादातर हाँ'],['हमेशा'],['ज़्यादातर नहीं'],['ज़्यादातर हाँ'],['हमेशा'],['ज़्यादातर हाँ'],['ज़्यादातर नहीं'],['ज़्यादातर नहीं'],['कभी नहीं'],['ज़्यादातर हाँ'],['ज़्यादातर हाँ'],['हाँ'],"[{'daily_activity': ['तैयार होना/नहाना-धोना'], 'activity_time': '36 घंटे:  मिनट'}]"
41413,10 घंटे: 0 मिनट,7 घंटे: 15 मिनट,['मैं कुछ हद तक सहमत हूँ'],['भ्रष्टाचार'],['मैं पूरी तरह असहमत हूँ'],"['मैं न सहमत हूँ, न असहमत हूँ']",['ज़्यादातर हाँ'],['हमेशा'],['कभी नहीं'],['हमेशा'],['कभी नहीं'],['ज़्यादातर हाँ'],['हमेशा'],['ज़्यादातर हाँ'],['कभी नहीं'],['हमेशा'],['ज़्यादातर हाँ'],['हमेशा'],['ज़्यादातर हाँ'],['हाँ'],"[{'daily_activity': ['तैयार होना/नहाना-धोना'], 'activity_time': '8 घंटे: 10 मिनट'}, {'daily_activity': ['अपने व्यवसाय/व्यापार/दुकान पर काम'], 'activity_time': '4 घंटे:  मिनट'}, {'daily_activity': ['रात का खाना'], 'activity_time': '1 घंटे: 10 मिनट'}, {'daily_activity': ['टीवी देखना/व्हाट्सऐप/फोन देखना'], 'activity_time': '1 घंटे: 0 मिनट'}]"
41462,10 घंटे: 30 मिनट,4 घंटे: 30 मिनट,['मैं पूरी तरह सहमत हूँ'],"['जाति, धर्म या लिंग के आधार पर भेदभाव']",['मैं पूरी तरह सहमत हूँ'],['मैं पूरी तरह सहमत हूँ'],['हमेशा'],['हमेशा'],['हमेशा'],['हमेशा'],['हमेशा'],['हमेशा'],['हमेशा'],['हमेशा'],['हमेशा'],['हमेशा'],['हमेशा'],['हमेशा'],['हमेशा'],['हाँ'],"[{'daily_activity': ['तैयार होना/नहाना-धोना'], 'activity_time': '2 घंटे: 30 मिनट'}, {'daily_activity': ['घर का काम (खाना बनाना, सफाई करना, पानी भरना, बुजुर्गों का ख्याल रखना इत्यादि)'], 'activity_time': '2 घंटे: 30 मिनट'}, {'daily_activity': ['सुबह का नाश्ता'], 'activity_time': '1 घंटे: 30 मिनट'}, {'daily_activity': ['अपने व्यवसाय/व्यापार/दुकान पर काम'], 'activity_time': '6 घंटे: 30 मिनट'}, {'daily_activity': ['दोपहर का खाना'], 'activity_time': '2 घंटे: 30 मिनट'}, {'daily_activity': ['आराम करना/परिवार के साथ समय बिताना'], 'activity_time': '2 घंटे: 40 मिनट'}, {'daily_activity': ['टीवी देखना/व्हाट्सऐप/फोन देखना'], 'activity_time': '3 घंटे: 39 मिनट'}]"
41465,11 घंटे:  मिनट,8 घंटे:  मिनट,['मैं पूरी तरह सहमत हूँ'],['भ्रष्टाचार'],['मैं पूरी तरह सहमत हूँ'],['मैं कुछ हद तक सहमत हूँ'],['हमेशा'],['ज़्यादातर हाँ'],['ज़्यादातर हाँ'],['कभी नहीं'],['कभी नहीं'],['ज़्यादातर हाँ'],['हमेशा'],['कभी नहीं'],['ज़्यादातर हाँ'],['कभी नहीं'],['कभी नहीं'],['हमेशा'],['हमेशा'],['हाँ'],"[{'daily_activity': ['तैयार होना/नहाना-धोना'], 'activity_time': ' घंटे: 30 मिनट'}, {'daily_activity': ['सुबह का नाश्ता'], 'activity_time': ' घंटे: 30 मिनट'}, {'daily_activity': ['दोपहर का खाना'], 'activity_time': ' घंटे: 30 मिनट'}, {'daily_activity': ['टीवी देखना/व्हाट्सऐप/फोन देखना'], 'activity_time': '2 घंटे:  मिनट'}, {'daily_activity': ['रात का खाना'], 'activity_time': ' घंटे: 30 मिनट'}]"
41466,11 घंटे:  मिनट,7 घंटे:  मिनट,['मैं पूरी तरह सहमत हूँ'],['भ्रष्टाचार'],['मैं पूरी तरह असहमत हूँ'],['मैं कुछ हद तक असहमत हूँ'],['ज़्यादातर हाँ'],['ज़्यादातर नहीं'],['ज़्यादातर नहीं'],['हमेशा'],['हमेशा'],['हमेशा'],['हमेशा'],['ज़्यादातर नहीं'],['ज़्यादातर नहीं'],['हमेशा'],['हमेशा'],['हमेशा'],['हमेशा'],['हाँ'],"[{'daily_activity': ['तैयार होना/नहाना-धोना'], 'activity_time': ' घंटे: 30 मिनट'}, {'daily_activity': ['सुबह का नाश्ता'], 'activity_time': '30 घंटे:  मिनट'}, {'daily_activity': ['आय अर्जित करने वाला काम/नौकरी'], 'activity_time': '5 घंटे:  मिनट'}, {'daily_activity': ['दोपहर का खाना'], 'activity_time': '30 घंटे:  मिनट'}, {'daily_activity': ['आराम करना/परिवार के साथ समय बिताना'], 'activity_time': '2 घंटे:  मिनट'}, {'daily_activity': ['टीवी देखना/व्हाट्सऐप/फोन देखना'], 'activity_time': '1 घंटे:  मिनट'}, {'daily_activity': ['रात का खाना'], 'activity_time': '30 घंटे:  मिनट'}]"
41486,9 घंटे:  मिनट,5 घंटे:  मिनट,['मैं कुछ हद तक सहमत हूँ'],['भ्रष्टाचार'],['मैं पूरी तरह सहमत हूँ'],"['मैं न सहमत हूँ, न असहमत हूँ']",['हमेशा'],['हमेशा'],['हमेशा'],['ज़्यादातर हाँ'],['हमेशा'],['ज़्यादातर हाँ'],['हमेशा'],['ज़्यादातर हाँ'],['ज़्यादातर हाँ'],['हमेशा'],['ज़्यादातर हाँ'],['हमेशा'],['ज़्यादातर हाँ'],['हाँ'],"[{'daily_activity': ['सुबह का नाश्ता'], 'activity_time': '2 घंटे:  मिनट'}, {'daily_activity': ['अपने खेत पर काम'], 'activity_time': '4 घंटे:  मिनट'}, {'daily_activity': ['दोपहर का खाना'], 'activity_time': '1 घंटे:  मिनट'}, {'daily_activity': ['आराम करना/परिवार के साथ समय बिताना'], 'activity_time': '2 घंटे:  मिनट'}]"
41491,10 घंटे: 30 मिनट,6 घंटे: 30 मिनट,['मैं पूरी तरह असहमत हूँ'],['भ्रष्टाचार'],['मैं पूरी तरह सहमत हूँ'],['मैं पूरी तरह असहमत हूँ'],['ज़्यादातर हाँ'],['कभी नहीं'],['कभी नहीं'],['ज़्यादातर हाँ'],['ज़्यादातर नहीं'],['ज़्यादातर नहीं'],['ज़्यादातर हाँ'],['ज़्यादातर नहीं'],['कभी नहीं'],['हमेशा'],['ज़्यादातर हाँ'],['ज़्यादातर नहीं'],['ज़्यादातर हाँ'],['हाँ'],"[{'daily_activity': ['अपने व्यवसाय/व्यापार/दुकान पर काम'], 'activity_time': '12 घंटे: 30 मिनट'}, {'daily_activity': ['आराम करना/परिवार के साथ समय बिताना'], 'activity_time': '2 घंटे: 30 मिनट'}, {'daily_activity': ['तैयार होना/नहाना-धोना'], 'activity_time': '1 घंटे: 10 मिनट'}, {'daily_activity': ['दोपहर का खाना'], 'activity_time': '00 घंटे: 15 मिनट'}, {'daily_activity': ['टीवी देखना/व्हाट्सऐप/फोन देखना'], 'activity_time': '1 घंटे: 00 मिनट'}, {'daily_activity': ['सुबह का नाश्ता'], 'activity_time': '00 घंटे: 20 मिनट'}]"
41493,12 घंटे:  मिनट,8 घंटे:  मिनट,['मैं पूरी तरह सहमत हूँ'],['भ्रष्टाचार'],['मैं पूरी तरह सहमत हूँ'],['मैं कुछ हद तक सहमत हूँ'],['हमेशा'],['हमेशा'],['हमेशा'],['हमेशा'],['ज़्यादातर हाँ'],['हमेशा'],['हमेशा'],['हमेशा'],['हमेशा'],['हमेशा'],['हमेशा'],['हमेशा'],['हमेशा'],['हाँ'],"[{'daily_activity': ['अपने खेत पर काम'], 'activity_time': '2 घंटे:  मिनट'}, {'daily_activity': ['दोपहर का खाना'], 'activity_time': '2 घंटे:  मिनट'}]"
41498,9 घंटे: 20 मिनट,5 घंटे: 30 मिनट,['मैं पूरी तरह सहमत हूँ'],['नौकरी के मौके की कमी'],['मैं पूरी तरह सहमत हूँ'],['मैं पूरी तरह सहमत हूँ'],['हमेशा'],['हमेशा'],['हमेशा'],['हमेशा'],['हमेशा'],['हमेशा'],['हमेशा'],['हमेशा'],['हमेशा'],['हमेशा'],['हमेशा'],['हमेशा'],['हमेशा'],['हाँ'],"[{'daily_activity': ['तैयार होना/नहाना-धोना'], 'activity_time': '2 घंटे: 30 मिनट'}, {'daily_activity': ['घर का काम (खाना बनाना, सफाई करना, पानी भरना, बुजुर्गों का ख्याल रखना इत्यादि)'], 'activity_time': '3 घंटे: 20 मिनट'}, {'daily_activity': ['सुबह का नाश्ता'], 'activity_time': '8 घंटे: 40 मिनट'}, {'daily_activity': ['अपने खेत पर काम'], 'activity_time': '4 घंटे: 50 मिनट'}, {'daily_activity': ['दोपहर का खाना'], 'activity_time': '2 घंटे: 20 मिनट'}, {'daily_activity': ['आराम करना/परिवार के साथ समय बिताना'], 'activity_time': '4 घंटे: 30 मिनट'}, {'daily_activity': ['टीवी देखना/व्हाट्सऐप/फोन देखना'], 'activity_time': '3 घंटे: 20 मिनट'}]"
41571,50 घंटे: 10 मिनट,00 घंटे: 5 मिनट,['मैं पूरी तरह सहमत हूँ'],['भ्रष्टाचार'],['मैं पूरी तरह सहमत हूँ'],['मैं कुछ हद तक सहमत हूँ'],['हमेशा'],['ज़्यादातर हाँ'],['कभी नहीं'],['ज़्यादातर हाँ'],['ज़्यादातर हाँ'],['हमेशा'],['ज़्यादातर हाँ'],['ज़्यादातर नहीं'],['कभी नहीं'],['ज़्यादातर हाँ'],['ज़्यादातर हाँ'],['ज़्यादातर हाँ'],['ज़्यादातर नहीं'],['हाँ'],"[{'daily_activity': ['अपने खेत पर काम'], 'activity_time': '2 घंटे:  मिनट'}, {'daily_activity': ['तैयार होना/नहाना-धोना'], 'activity_time': '1 घंटे:  मिनट'}, {'daily_activity': ['सुबह का नाश्ता'], 'activity_time': '50 मिनट घंटे:  मिनट'}, {'daily_activity': ['दोपहर का खाना'], 'activity_time': '30 मिनट  घंटे:  मिनट'}, {'daily_activity': ['आराम करना/परिवार के साथ समय बिताना'], 'activity_time': '1  घंटे:  मिनट'}, {'daily_activity': ['टीवी देखना/व्हाट्सऐप/फोन देखना'], 'activity_time': '2 घंटे:  मिनट'}, {'daily_activity': ['टीवी देखना/व्हाट्सऐप/फोन देखना'], 'activity_time': '2 घंटे:  मिनट'}, {'daily_activity': ['अपने व्यवसाय/व्यापार/दुकान पर काम'], 'activity_time': '5 घंटे:  मिनट'}]"
41625,9 घंटे: 30 मिनट,5 घंटे: 00 मिनट,['मैं पूरी तरह सहमत हूँ'],['शिक्षा की कमी'],"['मैं न सहमत हूँ, न असहमत हूँ']","['मैं न सहमत हूँ, न असहमत हूँ']",['ज़्यादातर नहीं'],['ज़्यादातर नहीं'],['ज़्यादातर नहीं'],['ज़्यादातर नहीं'],['ज़्यादातर नहीं'],['ज़्यादातर नहीं'],['ज़्यादातर नहीं'],['ज़्यादातर नहीं'],['ज़्यादातर नहीं'],['ज़्यादातर नहीं'],['ज़्यादातर नहीं'],['ज़्यादातर नहीं'],['ज़्यादातर नहीं'],['हाँ'],"[{'daily_activity': ['तैयार होना/नहाना-धोना'], 'activity_time': '1 घंटे: 20 मिनट'}, {'daily_activity': ['घर का काम (खाना बनाना, सफाई करना, पानी भरना, बुजुर्गों का ख्याल रखना इत्यादि)'], 'activity_time': '2 घंटे: 30 मिनट'}, {'daily_activity': ['सुबह का नाश्ता'], 'activity_time': ' घंटे: 30 मिनट'}, {'daily_activity': ['आय अर्जित करने वाला काम/नौकरी'], 'activity_time': '5 घंटे: 30 मिनट'}, {'daily_activity': ['अपने खेत पर काम'], 'activity_time': '2 घंटे: 30 मिनट'}, {'daily_activity': ['दोपहर का खाना'], 'activity_time': ' घंटे: 30 मिनट'}, {'daily_activity': ['रात का खाना'], 'activity_time': ' घंटे: 30 मिनट'}, {'daily_activity': ['आराम करना/परिवार के साथ समय बिताना'], 'activity_time': '1 घंटे: 30 मिनट'}, {'daily_activity': ['टीवी देखना/व्हाट्सऐप/फोन देखना'], 'activity_time': '1 घंटे:  मिनट'}]"
41627,30 घंटे: 9 मिनट,30 घंटे: 6 मिनट,['मैं कुछ हद तक सहमत हूँ'],['शिक्षा की कमी'],['मैं कुछ हद तक सहमत हूँ'],['मैं कुछ हद तक सहमत हूँ'],['हमेशा'],['ज़्यादातर हाँ'],['ज़्यादातर हाँ'],['ज़्यादातर हाँ'],['ज़्यादातर नहीं'],['ज़्यादातर हाँ'],['ज़्यादातर हाँ'],['ज़्यादातर हाँ'],['ज़्यादातर नहीं'],['ज़्यादातर नहीं'],['ज़्यादातर नहीं'],['ज़्यादातर हाँ'],['हमेशा'],['हाँ'],"[{'daily_activity': ['तैयार होना/नहाना-धोना'], 'activity_time': ' घंटे: 30 मिनट'}, {'daily_activity': ['सुबह का नाश्ता'], 'activity_time': ' घंटे: 20 मिनट'}, {'daily_activity': ['टीवी देखना/व्हाट्सऐप/फोन देखना'], 'activity_time': ' घंटे: 30 मिनट'}, {'daily_activity': ['अपने व्यवसाय/व्यापार/दुकान पर काम'], 'activity_time': '4 घंटे: 30 मिनट'}, {'daily_activity': ['दोपहर का खाना'], 'activity_time': ' घंटे: 30 मिनट'}, {'daily_activity': ['अपने खेत पर काम'], 'activity_time': '3 घंटे:  मिनट'}, {'daily_activity': ['आराम करना/परिवार के साथ समय बिताना'], 'activity_time': '2 घंटे:  मिनट'}, {'daily_activity': ['अपने व्यवसाय/व्यापार/दुकान पर काम'], 'activity_time': '1 घंटे: 30 मिनट'}, {'daily_activity': ['रात का खाना'], 'activity_time': ' घंटे: 35 मिनट'}, {'daily_activity': ['टीवी देखना/व्हाट्सऐप/फोन देखना'], 'activity_time': '1 घंटे: 30 मिनट'}]"
41630,9 घंटे: 15 मिनट,6 घंटे: 00 मिनट,['मैं पूरी तरह असहमत हूँ'],['नौकरी के मौके की कमी'],['मैं पूरी तरह असहमत हूँ'],['मैं पूरी तरह असहमत हूँ'],['कभी नहीं'],['कभी नहीं'],['ज़्यादातर नहीं'],['कभी नहीं'],['कभी नहीं'],['ज़्यादातर नहीं'],['ज़्यादातर नहीं'],['ज़्यादातर नहीं'],['ज़्यादातर हाँ'],['ज़्यादातर हाँ'],['ज़्यादातर हाँ'],['ज़्यादातर नहीं'],['ज़्यादातर हाँ'],['नहीं'],"[{'daily_activity': ['तैयार होना/नहाना-धोना'], 'activity_time': '4 घंटे: 7 मिनट'}]"
41664,9 घंटे: 50 मिनट,4 घंटे: 30 मिनट,['मैं पूरी तरह सहमत हूँ'],['शिक्षा की कमी'],['मैं पूरी तरह असहमत हूँ'],['मैं पूरी तरह सहमत हूँ'],['हमेशा'],['हमेशा'],['हमेशा'],['हमेशा'],['हमेशा'],['हमेशा'],['हमेशा'],['कभी नहीं'],['कभी नहीं'],['हमेशा'],['हमेशा'],['हमेशा'],['हमेशा'],['हाँ'],"[{'daily_activity': ['तैयार होना/नहाना-धोना'], 'activity_time': '1 घंटे: 30 मिनट'}, {'daily_activity': ['घर का काम (खाना बनाना, सफाई करना, पानी भरना, बुजुर्गों का ख्याल रखना इत्यादि)'], 'activity_time': '2 घंटे: 30 मिनट'}, {'daily_activity': ['सुबह का नाश्ता'], 'activity_time': '8 घंटे: 30 मिनट'}, {'daily_activity': ['अपने व्यवसाय/व्यापार/दुकान पर काम'], 'activity_time': '6 घंटे: 30 मिनट'}, {'daily_activity': ['दोपहर का खाना'], 'activity_time': '2 घंटे: 30 मिनट'}, {'daily_activity': ['आराम करना/परिवार के साथ समय बिताना'], 'activity_time': '4 घंटे: 40 मिनट'}, {'daily_activity': ['टीवी देखना/व्हाट्सऐप/फोन देखना'], 'activity_time': '2 घंटे: 30 मिनट'}]"
42078,09 घंटे: 30 मिनट,06 घंटे: 15 मिनट,['मैं पूरी तरह सहमत हूँ'],['नौकरी के मौके की कमी'],['मैं पूरी तरह सहमत हूँ'],['मैं पूरी तरह सहमत हूँ'],['हमेशा'],['हमेशा'],['हमेशा'],['हमेशा'],['कभी नहीं'],['ज़्यादातर हाँ'],['हमेशा'],['हमेशा'],['ज़्यादातर हाँ'],['ज़्यादातर हाँ'],['ज़्यादातर नहीं'],['ज़्यादातर हाँ'],['हमेशा'],['हाँ'],"[{'daily_activity': ['तैयार होना/नहाना-धोना'], 'activity_time': '01 घंटे: 01 मिनट'}, {'daily_activity': ['घर का काम (खाना बनाना, सफाई करना, पानी भरना, बुजुर्गों का ख्याल रखना इत्यादि)'], 'activity_time': '01 घंटे: 10 मिनट'}, {'daily_activity': ['सुबह का नाश्ता'], 'activity_time': '08 घंटे: 15 मिनट'}, {'daily_activity': ['आय अर्जित करने वाला काम/नौकरी'], 'activity_time': '09 घंटे: 10 मिनट'}, {'daily_activity': ['अपने खेत पर काम'], 'activity_time': '08 घंटे: 30 मिनट'}, {'daily_activity': ['अपने व्यवसाय/व्यापार/दुकान पर काम'], 'activity_time': '04 घंटे: 15 मिनट'}, {'daily_activity': ['दोपहर का खाना'], 'activity_time': ' घंटे: 15 मिनट'}, {'daily_activity': ['रात का खाना'], 'activity_time': ' घंटे: 15 मिनट'}, {'daily_activity': ['आराम करना/परिवार के साथ समय बिताना'], 'activity_time': '06 घंटे: 30 मिनट'}, {'daily_activity': ['टीवी देखना/व्हाट्सऐप/फोन देखना'], 'activity_time': '01 घंटे: 30 मिनट'}]"
42567,10 घंटे: 30 मिनट,4 घंटे: 30 मिनट,['मैं पूरी तरह सहमत हूँ'],['शिक्षा की कमी'],['मैं पूरी तरह सहमत हूँ'],['मैं पूरी तरह सहमत हूँ'],['हमेशा'],['हमेशा'],['हमेशा'],['हमेशा'],['हमेशा'],['हमेशा'],['हमेशा'],['हमेशा'],['हमेशा'],['हमेशा'],['हमेशा'],['हमेशा'],['हमेशा'],['हाँ'],"[{'daily_activity': ['तैयार होना/नहाना-धोना'], 'activity_time': '1 घंटे: 30 मिनट'}, {'daily_activity': ['घर का काम (खाना बनाना, सफाई करना, पानी भरना, बुजुर्गों का ख्याल रखना इत्यादि)'], 'activity_time': '2 घंटे: 40 मिनट'}, {'daily_activity': ['सुबह का नाश्ता'], 'activity_time': '9 घंटे: 30 मिनट'}, {'daily_activity': ['अपने खेत पर काम'], 'activity_time': '5 घंटे: 40 मिनट'}, {'daily_activity': ['आराम करना/परिवार के साथ समय बिताना'], 'activity_time': '4 घंटे: 30 मिनट'}, {'daily_activity': ['दोपहर का खाना'], 'activity_time': '2 घंटे: 30 मिनट'}, {'daily_activity': ['टीवी देखना/व्हाट्सऐप/फोन देखना'], 'activity_time': '2 घंटे: 40 मिनट'}]"
44727,12 घंटे: 00 मिनट,9 घंटे: 00 मिनट,['मैं पूरी तरह सहमत हूँ'],['शिक्षा की कमी'],['मैं पूरी तरह सहमत हूँ'],['मैं कुछ हद तक सहमत हूँ'],['ज़्यादातर हाँ'],['ज़्यादातर हाँ'],['ज़्यादातर हाँ'],['ज़्यादातर हाँ'],['ज़्यादातर हाँ'],['ज़्यादातर हाँ'],['ज़्यादातर हाँ'],['ज़्यादातर हाँ'],['ज़्यादातर हाँ'],['ज़्यादातर हाँ'],['ज़्यादातर हाँ'],['ज़्यादातर हाँ'],['ज़्यादातर हाँ'],['हाँ'],"[{'daily_activity': ['अपने खेत पर काम'], 'activity_time': '7 घंटे: 00 मिनट'}, {'daily_activity': ['अपने व्यवसाय/व्यापार/दुकान पर काम'], 'activity_time': '5 घंटे: 00 मिनट'}]"
44735,12 घंटे: 45 मिनट,5 घंटे: 00 मिनट,['मैं पूरी तरह सहमत हूँ'],['शिक्षा की कमी'],['मैं पूरी तरह सहमत हूँ'],['मैं पूरी तरह सहमत हूँ'],['हमेशा'],['हमेशा'],['हमेशा'],['हमेशा'],['हमेशा'],['हमेशा'],['हमेशा'],['हमेशा'],['हमेशा'],['हमेशा'],['हमेशा'],['हमेशा'],['हमेशा'],['हाँ'],"[{'daily_activity': ['घर का काम (खाना बनाना, सफाई करना, पानी भरना, बुजुर्गों का ख्याल रखना इत्यादि)'], 'activity_time': '6 घंटे: oo मिनट'}, {'daily_activity': ['रात का खाना'], 'activity_time': '1 घंटे: 00 मिनट'}]"
